bnumber	Site
b0001	TU0-42486
b0001	TU00178
b0002	TU00178
b0003	TU00178
b0004	TU00178
b0005	TU0-12787
b0006	TU0-12788
b0007	TU0-12789
b0008	TU0-8121
b0009	TU0-12790
b0010	TU0-12791
b0011	TU0-12792
b0012	TU00405
b0012	TU00406
b0013	TU0-8538
b0014	TU00260
b0014	TU00417
b0014	TU00418
b0015	TU00260
b0015	TU00417
b0015	TU00418
b0016	TU0-12793
b0018	TU0-12794
b0019	TU0-3862
b0019	TU00200
b0020	TU0-14299
b0020	TU0-3862
b0020	TU00200
b0021	TU0-12796
b0022	TU0-12796
b0023	TU0-7842
b0023	TU0-7844
b0024	NA
b0025	TU00291
b0026	TU0-14394
b0026	TU0-14395
b0026	TU0-14465
b0026	TU00291
b0027	TU0-14253
b0027	TU0-14394
b0027	TU0-14395
b0027	TU0-14465
b0027	TU00291
b0028	TU0-14253
b0028	TU0-14394
b0028	TU0-14395
b0028	TU0-14465
b0028	TU00291
b0029	TU0-14253
b0029	TU0-14394
b0029	TU0-14395
b0029	TU0-14465
b0029	TU00291
b0030	TU0-12797
b0031	TU0-14399
b0031	TU0-6403
b0032	TU00109
b0032	TU00110
b0033	TU0-6884
b0033	TU00109
b0033	TU00110
b0034	TU141
b0035	TU0-14529
b0035	TU00247
b0036	TU0-14529
b0036	TU00247
b0037	TU0-14529
b0037	TU00247
b0038	TU00247
b0039	TU00247
b0040	TU00247
b0041	TU142
b0042	TU142
b0043	TU142
b0044	TU142
b0045	TU0-12799
b0046	TU0-12800
b0047	TU0-12800
b0048	TU0-6401
b0049	TU0-5186
b0049	TU0-5201
b0049	TU0-5202
b0049	TU00362
b0050	TU0-5186
b0050	TU0-5201
b0050	TU0-5202
b0050	TU00362
b0051	TU0-5186
b0051	TU0-5201
b0051	TU0-5221
b0051	TU00362
b0052	TU0-4287
b0052	TU0-5201
b0052	TU0-5221
b0052	TU00362
b0053	TU0-4287
b0053	TU00362
b0054	TU0-4284
b0054	TU0-4285
b0054	TU0-4287
b0055	TU0-12801
b0058	TU0-3841
b0059	TU0-14488
b0059	TU0-3841
b0059	TU0-45240
b0060	TU0-7581
b0061	TU00214
b0062	TU00214
b0063	TU00214
b0064	TU00003
b0065	TU0-12804
b0066	TU0-12805
b0067	TU0-12805
b0068	TU0-12805
b0069	TU0-12805
b0070	TU0-12806
b0070	TU0-45190
b0071	TU0-42478
b0071	TU00179
b0072	TU0-42478
b0072	TU00179
b0073	TU0-42478
b0073	TU00179
b0074	TU0-42478
b0074	TU00179
b0075	TU0-42478
b0075	TU0-42508
b0075	TU00179
b0076	TU0-12807
b0076	TU0-42475
b0076	TU0-42477
b0076	TU0-42656
b0077	TU0-6861
b0077	TU0-6881
b0077	TU0-6882
b0077	TU00081
b0078	TU0-6861
b0078	TU0-6881
b0078	TU0-6882
b0078	TU00081
b0080	TU0-12808
b0081	TU0-941
b0082	TU0-14439
b0082	TU0-941
b0083	TU0-14439
b0083	TU0-14443
b0083	TU0-14445
b0083	TU0-941
b0084	TU0-14439
b0084	TU0-14443
b0084	TU0-14445
b0084	TU0-941
b0085	TU0-14439
b0085	TU0-14443
b0085	TU0-14445
b0085	TU0-941
b0086	TU0-14439
b0086	TU0-14443
b0086	TU0-14445
b0086	TU0-941
b0087	TU0-14439
b0087	TU0-14443
b0087	TU0-14445
b0087	TU0-941
b0088	TU0-14439
b0088	TU0-14443
b0088	TU0-14445
b0088	TU0-941
b0089	TU0-14439
b0089	TU0-14443
b0089	TU0-14445
b0089	TU0-941
b0090	TU0-14439
b0090	TU0-14443
b0090	TU0-14445
b0090	TU0-941
b0091	TU0-14439
b0091	TU0-14443
b0091	TU0-14445
b0091	TU0-941
b0092	TU0-14439
b0092	TU0-14443
b0092	TU0-14445
b0092	TU0-941
b0093	TU0-14439
b0093	TU0-14443
b0093	TU0-14445
b0093	TU0-3941
b0093	TU0-45271
b0093	TU0-941
b0093	TU00210
b0094	TU0-1422
b0094	TU0-14439
b0094	TU0-14443
b0094	TU0-14445
b0094	TU0-45271
b0094	TU0-941
b0094	TU00210
b0095	TU0-1422
b0095	TU0-1423
b0095	TU0-1424
b0095	TU0-1425
b0095	TU0-14439
b0095	TU0-14443
b0095	TU0-14445
b0095	TU0-45271
b0095	TU0-941
b0095	TU00210
b0096	TU0-12809
b0096	TU0-14439
b0096	TU0-14443
b0096	TU0-14445
b0096	TU0-14606
b0096	TU0-941
b0097	TU0-4343
b0098	TU0-4343
b0099	TU0-4343
b0101	TU0-12810
b0101	TU0-14495
b0102	TU0-12810
b0103	TU0-12810
b0104	TU0-8807
b0106	TU0-12811
b0107	TU0-12811
b0108	TU0-12811
b0109	TU0-12812
b0110	TU00237
b0111	TU00237
b0112	TU00012
b0112	TU641
b0113	TU0-45222
b0113	TU00522
b0114	TU0-45222
b0114	TU0-45254
b0114	TU0-6634
b0114	TU00522
b0115	TU0-45222
b0115	TU0-45254
b0115	TU0-6634
b0115	TU00522
b0116	TU0-45222
b0116	TU00522
b0116	TU00523
b0117	TU0-8539
b0118	TU0-14608
b0118	TU796
b0119	TU0-12813
b0120	TU0-44215
b0120	TU00359
b0121	TU0-44217
b0121	TU00359
b0122	TU00359
b0123	TU0-3124
b0124	TU0-2042
b0124	TU0-7001
b0125	TU0-2041
b0126	TU0-45255
b0126	TU0-8774
b0127	TU0-12815
b0128	TU0-12815
b0129	TU0-12816
b0130	TU0-12817
b0131	TU0-42600
b0131	TU0-8486
b0132	TU0-8540
b0133	TU00313
b0134	TU00313
b0135	TU0-12818
b0135	TU0-14300
b0136	TU0-14300
b0137	TU0-14300
b0138	TU0-14300
b0139	TU00263
b0139	TU00403
b0139	TU00404
b0140	TU00263
b0140	TU00403
b0140	TU00404
b0141	TU0-14301
b0142	TU0-36412
b0142	TU0-45245
b0142	TU0-8361
b0142	TU0-8362
b0142	TU00315
b0143	TU0-36412
b0143	TU0-45245
b0143	TU0-8361
b0143	TU0-8362
b0143	TU00315
b0144	TU0-14494
b0144	TU0-14681
b0144	TU0-42497
b0145	TU0-14494
b0145	TU0-14681
b0145	TU0-42497
b0145	TU00358
b0146	TU00358
b0147	TU0-14344
b0148	TU0-12819
b0149	TU0-12820
b0150	TU00020
b0151	TU00020
b0152	TU00020
b0153	TU00020
b0154	TU0-14805
b0154	TU0-14806
b0154	TU0-7806
b0155	TU0-12821
b0156	TU0-8480
b0157	TU0-12822
b0157	TU0-45264
b0158	TU0-12822
b0158	TU0-45264
b0159	TU0-12822
b0159	TU0-45264
b0160	TU0-12823
b0160	TU0-14393
b0161	TU584
b0162	TU0-4501
b0163	TU0-12825
b0164	TU0-12826
b0166	TU0-12827
b0166	TU0-6443
b0167	TU0-12827
b0167	TU0-36398
b0168	TU0-12827
b0169	TU00345
b0170	TU00345
b0171	TU0-1021
b0172	TU0-42525
b0173	TU0-12831
b0174	TU0-12831
b0174	TU0-14339
b0174	TU0-14609
b0175	TU0-12831
b0175	TU0-14339
b0175	TU0-14340
b0175	TU0-14609
b0176	TU0-4222
b0177	TU0-4204
b0177	TU0-8373
b0178	TU0-4146
b0178	TU0-8373
b0179	TU0-4146
b0179	TU0-4184
b0179	TU0-8373
b0180	TU0-4146
b0180	TU0-8373
b0180	TU00267
b0181	TU0-4146
b0181	TU0-8373
b0182	TU0-8373
b0183	TU0-8373
b0184	TU0-8373
b0185	TU0-42602
b0185	TU00230
b0186	TU0-1161
b0187	TU0-12832
b0188	TU0-12833
b0189	TU0-12834
b0190	TU0-12835
b0191	TU0-12835
b0192	TU0-12835
b0193	TU0-12836
b0194	TU0-6562
b0195	TU0-12837
b0196	TU0-12837
b0197	TU0-2302
b0198	TU0-2302
b0199	TU0-2302
b0200	TU0-12838
b0201	TU0-1189
b0201	TU0-1190
b0201	TU0-45269
b0202	TU0-1189
b0202	TU0-1190
b0202	TU0-45269
b0203	TU0-1189
b0203	TU0-1190
b0203	TU0-45269
b0204	TU0-1189
b0204	TU0-1190
b0204	TU0-14524
b0204	TU0-45269
b0205	TU0-1189
b0205	TU0-1190
b0205	TU0-14524
b0205	TU0-45269
b0206	TU0-14372
b0207	TU0-12839
b0208	TU0-8541
b0209	TU0-12840
b0210	TU0-12840
b0211	TU0-12841
b0212	TU0-12842
b0213	TU0-8543
b0214	TU0-6685
b0215	TU0-12843
b0215	TU0-6647
b0215	TU0-6648
b0216	TU00489
b0217	TU0-12844
b0219	TU0-8545
b0220	TU0-8840
b0221	TU0-8793
b0222	TU0-12846
b0223	TU0-12847
b0224	TU0-12848
b0225	TU0-12849
b0226	TU0-12849
b0227	TU0-12850
b0228	TU0-12851
b0231	TU0-12853
b0231	TU0-45217
b0232	TU0-12853
b0232	TU0-12854
b0232	TU0-45217
b0233	TU0-12853
b0233	TU0-12854
b0233	TU0-45217
b0234	TU0-12853
b0234	TU0-12854
b0234	TU0-45217
b0237	TU0-6442
b0237	TU0-6556
b0237	TU0-8874
b0238	TU0-14680
b0239	TU0-12857
b0240	NA
b0241	TU00086
b0242	TU00325
b0243	TU00325
b0244	TU00490
b0245	TU0-12859
b0245	TU0-14535
b0245	TU0-14802
b0245	TU0-14803
b0246	TU0-12859
b0246	TU0-14535
b0246	TU0-14802
b0246	TU0-14803
b0247	TU0-12859
b0247	TU0-14535
b0247	TU0-14802
b0247	TU0-14803
b0248	TU0-12859
b0248	TU0-14802
b0248	TU0-14803
b0249	TU0-12859
b0249	TU0-14802
b0249	TU0-14803
b0250	TU0-12859
b0250	TU0-14802
b0250	TU0-14803
b0251	TU0-12859
b0252	TU0-12860
b0252	TU0-14610
b0253	TU0-12860
b0254	TU0-12861
b0255	TU0-12862
b0256	TU0-12862
b0258	TU0-12863
b0259	TU0-8831
b0260	TU0-12864
b0261	TU0-12864
b0262	TU0-12865
b0264	TU0-12865
b0265	TU0-12865
b0266	TU0-12866
b0267	TU0-12866
b0268	TU0-12867
b0269	TU0-12867
b0270	TU0-12868
b0271	TU0-12868
b0272	TU0-12869
b0273	TU00005
b0274	TU0-12870
b0275	TU0-12870
b0276	TU0-8546
b0277	TU0-12871
b0278	TU0-12872
b0279	TU0-12872
b0280	TU0-12873
b0281	TU0-12874
b0283	TU0-12876
b0284	TU0-12876
b0285	TU0-12876
b0286	TU0-12876
b0287	TU0-8547
b0288	TU0-12877
b0289	TU0-12878
b0289	TU0-14611
b0290	TU0-12878
b0290	TU0-14611
b0291	TU0-12878
b0291	TU0-14611
b0292	TU0-12878
b0292	TU0-14611
b0293	TU0-12879
b0294	TU0-12880
b0295	TU0-8631
b0296	TU0-12881
b0298	TU0-12882
b0299	TU0-12882
b0300	TU0-12883
b0301	TU0-12884
b0301	TU0-12885
b0303	TU0-12884
b0303	TU0-12885
b0304	TU0-12885
b0305	TU0-12886
b0306	TU0-12887
b0307	TU0-12887
b0308	TU0-12887
b0310	TU0-12888
b0311	TU00115
b0312	TU00115
b0313	TU00115
b0314	TU00116
b0315	TU0-12889
b0315	TU0-14408
b0315	TU0-45142
b0316	TU0-12890
b0317	TU0-12891
b0318	TU0-12892
b0319	TU0-12892
b0319	TU0-14781
b0320	TU0-12892
b0321	TU0-12892
b0322	TU0-12893
b0323	TU0-12894
b0324	TU0-12894
b0325	TU0-12895
b0326	TU0-12896
b0327	TU0-12897
b0328	TU0-8548
b0329	TU0-8549
b0330	TU0-7221
b0331	TU0-3602
b0333	TU0-3602
b0334	TU0-3602
b0335	TU0-3602
b0336	TU00197
b0337	TU00197
b0338	TU00143
b0339	TU0-14378
b0339	TU00142
b0340	TU0-14378
b0340	TU00142
b0341	TU00142
b0342	TU0-14521
b0342	TU0-4701
b0342	TU0-4702
b0342	TU0-4703
b0342	TU00036
b0343	TU0-14521
b0343	TU0-4701
b0343	TU0-4702
b0343	TU0-4703
b0343	TU00036
b0344	TU0-4701
b0344	TU0-4702
b0344	TU0-4703
b0344	TU00036
b0345	TU0-2405
b0345	TU0-36427
b0345	TU0-6508
b0346	TU0-2405
b0346	TU0-36427
b0347	TU0-2402
b0348	TU0-2402
b0349	TU0-2402
b0350	TU0-2402
b0351	TU0-2402
b0352	TU0-2402
b0353	TU0-12900
b0354	TU0-12901
b0355	TU0-12902
b0356	TU0-12902
b0357	TU0-12902
b0358	TU0-12903
b0360	TU0-12904
b0361	TU0-12904
b0363	TU0-12906
b0364	TU0-4401
b0365	TU302
b0366	TU302
b0367	TU302
b0368	TU302
b0369	TU0-12908
b0372	TU0-12910
b0373	TU0-12910
b0375	TU0-12912
b0376	TU0-14612
b0376	TU0-8768
b0377	TU0-3426
b0378	TU0-3426
b0379	TU0-8551
b0380	TU0-8554
b0381	TU0-8784
b0382	TU0-12913
b0382	TU0-14613
b0383	TU00052
b0384	TU0-44195
b0384	TU00052
b0385	TU0-8872
b0386	TU0-8493
b0387	TU0-12914
b0388	TU0-42568
b0388	TU00011
b0389	TU0-14546
b0389	TU0-42568
b0389	TU00011
b0390	TU0-14546
b0390	TU0-42568
b0390	TU0-44218
b0390	TU00011
b0391	TU0-12915
b0393	TU0-8495
b0394	TU0-8828
b0396	TU00099
b0397	TU0-12917
b0398	TU0-12917
b0399	TU00053
b0400	TU00053
b0401	TU0-12918
b0402	TU0-12918
b0403	TU0-5402
b0404	TU0-8764
b0405	TU871
b0406	TU870
b0407	TU869
b0407	TU870
b0408	TU869
b0409	TU869
b0410	TU0-12919
b0411	TU00449
b0411	TU00450
b0412	TU0-12920
b0413	TU0-12921
b0414	TU0-12921
b0415	TU0-12921
b0415	TU0-14466
b0416	TU0-12921
b0416	TU0-14466
b0417	TU0-12921
b0417	TU0-14466
b0418	TU0-12921
b0418	TU0-14466
b0419	TU0-14500
b0419	TU00373
b0420	TU00373
b0421	TU00373
b0422	TU00373
b0423	TU0-8529
b0424	TU0-12924
b0425	TU0-12924
b0426	TU0-8555
b0427	TU0-12925
b0428	TU00101
b0429	TU00101
b0430	TU00101
b0431	TU00101
b0432	TU00101
b0433	TU0-12926
b0433	TU0-42605
b0434	TU0-12927
b0434	TU0-42605
b0435	TU0-14251
b0435	TU0-45284
b0435	TU00386
b0436	TU0-12928
b0436	TU0-14252
b0436	TU0-14614
b0437	TU0-14490
b0437	TU00251
b0437	TU00419
b0438	TU0-14455
b0438	TU0-14490
b0438	TU00251
b0438	TU00419
b0439	TU0-14455
b0439	TU0-45285
b0439	TU0-4931
b0440	TU487
b0440	TU488
b0440	TU489
b0440	TU490
b0441	TU0-6621
b0441	TU0-6622
b0442	TU0-12931
b0443	TU0-12932
b0444	TU0-12933
b0445	TU0-12934
b0446	TU0-12935
b0447	TU0-12936
b0448	TU0-12937
b0449	TU0-12937
b0450	TU587
b0451	TU587
b0452	TU0-8528
b0453	TU0-8552
b0454	TU0-8553
b0455	TU0-12938
b0456	TU0-12939
b0457	TU0-12940
b0458	TU0-12941
b0459	TU0-12942
b0460	TU0-12943
b0461	TU0-12943
b0462	TU0-14615
b0462	TU00233
b0463	TU00233
b0464	TU0-8325
b0465	TU0-12944
b0466	TU0-12945
b0467	TU0-12945
b0468	TU0-12946
b0469	TU0-12947
b0470	TU0-12948
b0471	TU0-3422
b0472	TU0-3422
b0473	TU0-14784
b0473	TU00401
b0473	TU00402
b0474	TU0-6481
b0475	TU0-12951
b0476	TU0-5421
b0477	TU0-8806
b0478	TU0-12952
b0479	TU0-12953
b0480	TU0-8534
b0481	TU0-8556
b0482	TU0-8523
b0483	TU0-8524
b0484	TU0-3122
b0485	TU0-3123
b0486	TU0-3123
b0487	TU0-12955
b0488	TU0-12956
b0489	TU0-12956
b0490	TU0-12957
b0491	TU0-12957
b0492	TU0-8356
b0493	TU0-6623
b0494	TU0-6623
b0495	TU0-12959
b0496	TU0-12959
b0497	TU0-12960
b0498	TU0-12960
b0502	TU0-12961
b0503	TU0-14295
b0504	TU0-7602
b0505	TU0-7601
b0506	TU0-8873
b0507	TU0-7603
b0508	TU0-7603
b0509	TU0-7603
b0511	TU0-7603
b0512	TU0-44196
b0512	TU0-44197
b0512	TU0-44198
b0512	TU0-7603
b0513	TU0-14616
b0513	TU0-7603
b0514	TU0-14506
b0514	TU0-14616
b0514	TU0-7603
b0515	TU0-7622
b0516	TU0-7622
b0517	TU0-7622
b0518	TU0-12962
b0519	TU0-12962
b0520	TU0-12962
b0521	TU0-12962
b0522	TU00082
b0523	TU00082
b0524	TU0-12963
b0525	TU0-12963
b0526	TU0-8477
b0527	TU0-12964
b0528	TU0-12965
b0529	TU0-12965
b0530	TU0-12966
b0531	TU0-12967
b0532	TU0-12967
b0533	TU0-12968
b0534	TU0-12968
b0535	TU0-8799
b0536	TU00491
b0537	TU0-8837
b0540	TU0-12971
b0541	TU0-12971
b0543	TU0-14417
b0544	TU0-12973
b0545	TU0-12974
b0546	TU0-12974
b0547	TU0-12975
b0548	TU0-12975
b0549	TU0-12975
b0550	TU0-12975
b0551	TU0-12976
b0552	TU0-14363
b0554	TU-8422
b0555	TU-8422
b0556	TU-8422
b0557	TU0-7783
b0558	TU0-12979
b0559	TU0-12980
b0560	TU0-12981
b0561	TU0-12982
b0563	TU0-12983
b0564	TU0-42454
b0564	TU0-45143
b0564	TU0-8479
b0565	TU0-7823
b0565	TU00264
b0566	TU00264
b0567	TU0-14365
b0568	TU00307
b0569	TU00307
b0570	TU0-1822
b0571	TU0-1822
b0572	TU0-1821
b0573	TU0-1821
b0574	TU0-1821
b0575	TU0-1821
b0576	TU0-8149
b0577	TU0-12985
b0578	TU0-4624
b0579	TU0-12987
b0580	TU0-12988
b0581	TU0-12989
b0582	TU0-12990
b0583	TU00163
b0584	TU00163
b0585	TU00270
b0586	TU00270
b0587	TU00270
b0588	TU0-3963
b0588	TU00165
b0589	TU0-3963
b0589	TU00165
b0590	TU0-3963
b0590	TU00165
b0591	TU0-6042
b0591	TU0-6043
b0592	TU00164
b0593	TU00166
b0594	TU00166
b0595	TU00166
b0596	TU00166
b0597	TU0-14617
b0597	TU00166
b0598	TU0-6821
b0598	TU0-6822
b0598	TU0-6823
b0599	TU0-8558
b0600	TU0-8559
b0601	TU0-12992
b0602	TU0-12993
b0603	TU0-12994
b0604	TU0-12995
b0605	TU0-14761
b0605	TU00074
b0606	TU-8435
b0606	TU0-14761
b0606	TU00074
b0607	TU0-8536
b0608	TU0-14246
b0610	TU0-12996
b0611	TU0-12997
b0612	TU0-12998
b0613	TU0-12999
b0613	TU0-14750
b0614	TU0-12999
b0614	TU0-14750
b0615	TU0-12999
b0615	TU0-14750
b0616	TU0-12999
b0616	TU0-14750
b0617	TU0-12999
b0617	TU0-14750
b0618	TU0-12999
b0618	TU0-14750
b0619	TU0-13000
b0619	TU0-14751
b0620	TU0-13000
b0620	TU0-14751
b0621	TU0-1603
b0622	TU0-7821
b0623	TU0-13001
b0623	TU0-14576
b0624	TU0-8778
b0627	TU0-13003
b0628	TU0-13004
b0629	TU0-13005
b0630	TU0-13006
b0630	TU0-14470
b0630	TU0-45272
b0631	TU0-13007
b0631	TU0-14470
b0631	TU0-45272
b0632	TU0-13008
b0633	TU0-13009
b0634	TU0-13009
b0635	TU0-13009
b0636	TU0-13009
b0637	TU0-13009
b0638	TU0-13010
b0639	TU0-13010
b0640	TU0-13010
b0641	TU0-13010
b0642	TU0-13010
b0643	TU0-8560
b0644	TU0-8561
b0645	TU0-13011
b0646	TU0-13011
b0647	TU0-8562
b0648	TU0-13012
b0649	TU0-13012
b0650	TU0-13013
b0651	TU0-13014
b0652	TU-8412
b0652	TU0-42594
b0653	TU-8412
b0653	TU0-42594
b0654	TU-8412
b0654	TU0-42594
b0655	TU-8412
b0655	TU0-42594
b0656	TU0-13015
b0657	TU0-13016
b0657	TU0-14471
b0658	TU0-13016
b0658	TU0-14471
b0659	TU0-13017
b0659	TU0-14471
b0660	TU0-13017
b0660	TU0-14471
b0661	TU0-13018
b0662	TU0-8533
b0664	TU0-14553
b0664	TU00507
b0665	TU0-14553
b0665	TU00507
b0666	TU0-14553
b0666	TU00507
b0668	TU0-14553
b0668	TU00507
b0670	TU00507
b0672	TU00507
b0673	TU00507
b0674	TU0-4929
b0675	TU0-6652
b0675	TU00043
b0676	TU0-14463
b0676	TU0-14464
b0676	TU00043
b0677	TU0-7805
b0677	TU00043
b0678	TU00043
b0679	TU0-4421
b0680	TU0-14467
b0680	TU0-45210
b0680	TU0-6504
b0681	TU0-13021
b0682	TU0-13021
b0682	TU0-13022
b0683	TU0-1281
b0683	TU0-1282
b0683	TU0-1283
b0683	TU00121
b0684	TU0-1282
b0685	TU0-8265
b0686	TU0-13023
b0687	TU0-4444
b0688	TU0-4444
b0689	TU0-13024
b0692	TU00360
b0693	TU00360
b0694	TU00292
b0695	TU00292
b0696	TU00035
b0697	TU00035
b0698	TU00035
b0699	TU0-13025
b0700	TU0-13026
b0702	TU0-13026
b0704	TU0-13027
b0705	TU0-13029
b0706	TU0-13030
b0707	TU0-14679
b0707	TU362
b0708	TU0-14679
b0708	TU362
b0708	TU365
b0709	TU0-8563
b0710	TU0-8454
b0710	TU0-8455
b0711	TU0-8454
b0711	TU0-8455
b0712	TU0-8454
b0712	TU0-8455
b0713	TU0-8454
b0713	TU0-8455
b0714	TU0-44220
b0714	TU0-8454
b0714	TU0-8455
b0715	TU0-13031
b0716	TU0-13032
b0717	TU0-13032
b0718	TU0-13032
b0719	TU0-13033
b0720	TU00106
b0720	TU00416
b0721	TU00524
b0722	TU0-6702
b0722	TU00524
b0723	TU0-6702
b0723	TU00524
b0724	TU0-6702
b0724	TU00524
b0726	TU0-42509
b0726	TU00103
b0726	TU00524
b0727	TU0-42509
b0727	TU00103
b0727	TU00524
b0728	TU00103
b0728	TU00524
b0729	TU00103
b0729	TU00524
b0730	TU00408
b0731	TU0-4482
b0732	TU0-44203
b0732	TU0-44204
b0732	TU0-4482
b0733	TU0-3161
b0733	TU0-3162
b0733	TU0-3163
b0733	TU00100
b0733	TU358
b0734	TU0-3161
b0734	TU0-3162
b0734	TU0-3163
b0734	TU00100
b0734	TU358
b0735	TU0-14366
b0736	TU00367
b0737	TU00367
b0738	TU00367
b0739	TU00367
b0740	TU21
b0741	TU21
b0742	TU21
b0743	TU00492
b0744	TU00492
b0745	TU00492
b0746	TU0-13034
b0747	TU0-13034
b0748	TU0-13035
b0749	TU0-13036
b0750	TU0-13037
b0751	TU0-13037
b0752	TU0-13038
b0753	TU0-13039
b0754	TU00009
b0755	TU0-14819
b0755	TU0-3382
b0755	TU0-45233
b0755	TU0-45252
b0756	TU0-45179
b0756	TU0-4545
b0756	TU00025
b0756	TU00026
b0757	TU0-42583
b0757	TU0-42584
b0757	TU0-42588
b0757	TU0-45176
b0757	TU0-45179
b0757	TU0-4545
b0757	TU00025
b0757	TU00026
b0758	TU0-42581
b0758	TU0-42582
b0758	TU0-42583
b0758	TU0-42584
b0758	TU0-45176
b0758	TU0-45177
b0758	TU0-45179
b0758	TU0-4545
b0758	TU00025
b0758	TU00026
b0759	TU0-42578
b0759	TU0-42580
b0759	TU0-42581
b0759	TU0-42582
b0759	TU0-42583
b0759	TU0-42584
b0759	TU0-45176
b0759	TU0-45177
b0759	TU0-45178
b0759	TU0-45179
b0759	TU0-4545
b0759	TU00025
b0759	TU00026
b0760	TU0-13040
b0761	TU0-13040
b0762	TU0-13041
b0763	TU0-14276
b0763	TU00301
b0764	TU0-14276
b0764	TU00301
b0765	TU0-14276
b0765	TU00301
b0766	TU0-8564
b0767	TU0-8101
b0768	TU0-8565
b0769	TU0-13042
b0770	TU0-13043
b0771	TU0-13044
b0772	TU0-13045
b0773	TU0-13046
b0774	TU00013
b0775	TU00117
b0776	TU00117
b0777	TU00117
b0778	TU00117
b0779	TU0-14730
b0779	TU0-7044
b0779	TU00070
b0780	TU0-6363
b0781	TU0-1123
b0781	TU00300
b0782	TU0-1123
b0782	TU0-7262
b0782	TU00300
b0783	TU0-1123
b0783	TU0-7262
b0783	TU00300
b0784	TU0-1123
b0784	TU0-7262
b0784	TU00300
b0785	TU0-1123
b0785	TU0-7262
b0785	TU00300
b0786	TU0-13047
b0787	TU0-13048
b0788	TU0-13049
b0789	TU0-13049
b0790	TU0-13049
b0791	TU0-8566
b0792	TU0-13050
b0793	TU0-13050
b0794	TU0-13050
b0795	TU0-13050
b0796	TU0-13050
b0797	TU0-8500
b0798	TU0-8567
b0799	TU0-6301
b0800	TU0-14368
b0800	TU0-6301
b0801	TU0-13051
b0802	TU0-13052
b0803	TU0-13053
b0804	TU0-13054
b0805	TU0-2521
b0806	TU0-13056
b0807	TU0-8568
b0808	TU0-13057
b0809	TU0-6649
b0809	TU0-8001
b0809	TU00172
b0810	TU0-6649
b0810	TU00172
b0811	TU0-6649
b0811	TU00172
b0812	TU0-45200
b0812	TU00176
b0813	TU0-13058
b0814	TU0-14688
b0814	TU0-8812
b0815	TU0-8569
b0817	TU0-13059
b0818	TU0-13059
b0819	TU0-8334
b0820	TU0-8503
b0821	TU0-13060
b0822	TU0-13061
b0823	TU0-13062
b0824	TU0-13062
b0825	TU0-8800
b0826	TU00302
b0827	TU00302
b0828	TU0-13063
b0829	TU0-13063
b0830	TU0-13063
b0831	TU0-13063
b0832	TU0-13063
b0833	TU0-13064
b0834	TU0-13064
b0835	TU0-8632
b0836	TU0-13065
b0837	TU0-13066
b0838	TU0-8633
b0839	TU0-8782
b0840	TU0-13067
b0841	TU0-7822
b0842	TU0-14699
b0842	TU423
b0843	TU0-13068
b0844	TU0-13069
b0845	TU0-13069
b0846	TU0-8671
b0847	TU0-13071
b0848	TU0-8672
b0849	TU721
b0850	TU0-2101
b0851	TU0-2101
b0852	TU0-2101
b0852	TU0-2121
b0853	TU0-14516
b0853	TU0-2101
b0853	TU0-2121
b0854	TU0-14459
b0854	TU00322
b0855	TU0-14459
b0855	TU00322
b0856	TU0-14459
b0856	TU00322
b0857	TU0-14459
b0857	TU00322
b0858	TU0-13072
b0859	TU0-13072
b0860	TU0-8161
b0861	TU0-14676
b0861	TU0-14677
b0861	TU0-14678
b0861	TU00240
b0862	TU0-14676
b0862	TU0-14677
b0862	TU0-14678
b0862	TU00240
b0863	TU0-14676
b0863	TU0-14677
b0863	TU0-14678
b0863	TU00240
b0864	TU0-14676
b0864	TU0-14677
b0864	TU0-14678
b0864	TU00240
b0865	TU0-8201
b0866	TU0-13073
b0867	TU0-13073
b0868	TU0-13074
b0869	TU0-13075
b0869	TU0-14618
b0870	TU0-13075
b0870	TU0-14618
b0871	TU0-13075
b0871	TU0-42650
b0871	TU0-45205
b0871	TU541
b0872	TU0-14451
b0872	TU0-42650
b0872	TU0-7021
b0873	TU0-14451
b0873	TU0-42650
b0873	TU0-7021
b0874	TU0-13076
b0875	TU0-1106
b0876	TU0-8670
b0877	TU0-8513
b0878	TU0-14298
b0879	TU0-14298
b0879	TU0-8349
b0879	TU0-8350
b0880	TU0-6486
b0881	TU0-14357
b0882	TU00445
b0882	TU00446
b0882	TU00447
b0883	TU0-42660
b0883	TU0-42662
b0883	TU00508
b0884	TU-8389
b0884	TU-8390
b0884	TU0-42662
b0885	TU0-13077
b0886	TU00254
b0887	TU00254
b0888	TU0-13078
b0889	TU00181
b0890	TU0-14447
b0890	TU0-14448
b0891	TU0-13079
b0892	TU0-13079
b0893	TU0-13080
b0894	TU0-1122
b0894	TU00019
b0895	TU0-1122
b0895	TU00019
b0896	TU0-1122
b0896	TU0-42696
b0896	TU00019
b0897	TU-8382
b0898	TU0-13081
b0899	TU0-13082
b0900	TU0-8674
b0901	TU0-8673
b0902	TU0-13083
b0903	TU00377
b0903	TU00378
b0903	TU00379
b0903	TU00380
b0903	TU00381
b0903	TU00382
b0903	TU00383
b0903	TU00384
b0904	TU00377
b0904	TU00378
b0904	TU00379
b0905	TU0-13084
b0906	TU0-13085
b0907	TU0-42569
b0907	TU0-5964
b0907	TU00357
b0908	TU00357
b0909	TU0-13086
b0910	TU361
b0911	TU361
b0911	TU564
b0911	TU565
b0912	TU0-45280
b0912	TU00175
b0912	TU564
b0912	TU565
b0913	TU0-13087
b0914	TU0-13087
b0915	TU0-13087
b0916	TU0-13087
b0917	TU0-13088
b0918	TU0-13088
b0919	TU0-13089
b0920	TU0-8676
b0921	TU261
b0922	TU261
b0923	TU261
b0924	TU261
b0925	TU0-13090
b0926	TU0-13091
b0927	TU0-13091
b0928	TU0-6482
b0929	TU0-45229
b0929	TU00050
b0930	TU0-13093
b0931	TU00195
b0932	TU0-8489
b0933	TU0-6629
b0934	TU0-6629
b0935	TU0-6629
b0936	TU0-6629
b0937	TU0-6629
b0938	TU0-13094
b0939	TU0-13095
b0940	TU0-13095
b0941	TU0-13095
b0942	TU0-13095
b0943	TU0-13095
b0944	TU0-13095
b0945	TU00061
b0946	TU0-13096
b0947	TU0-8678
b0948	TU0-2001
b0949	TU0-2001
b0950	TU0-45186
b0950	TU0-45259
b0950	TU561
b0950	TU562
b0951	TU0-45186
b0951	TU0-45259
b0951	TU561
b0951	TU562
b0952	TU0-14325
b0952	TU0-45186
b0952	TU0-45259
b0952	TU561
b0952	TU562
b0953	TU0-42483
b0954	TU00092
b0955	TU0-13098
b0956	TU0-8677
b0957	TU0-4742
b0957	TU00048
b0958	TU00066
b0959	TU0-8679
b0960	TU0-13099
b0961	TU0-13099
b0962	TU0-8809
b0963	TU0-13100
b0964	TU0-13101
b0965	TU0-8680
b0966	TU0-13102
b0967	TU0-13103
b0968	TU0-8681
b0969	TU0-13104
b0970	TU0-13105
b0971	TU00509
b0972	TU0-45171
b0972	TU00288
b0973	TU0-45171
b0973	TU00288
b0974	TU0-45171
b0974	TU00288
b0975	TU0-45171
b0975	TU00288
b0976	TU0-45171
b0976	TU00288
b0977	TU0-45171
b0977	TU00288
b0978	TU0-45265
b0978	TU00097
b0979	TU0-45265
b0979	TU00097
b0980	TU0-45265
b0980	TU00097
b0980	TU00461
b0981	TU0-13106
b0982	TU0-13106
b0983	TU0-13106
b0984	TU0-13107
b0985	TU0-13107
b0986	TU0-13107
b0987	TU0-13108
b0988	TU0-13109
b0989	TU0-8780
b0990	TU0-6983
b0991	TU0-13110
b0992	TU0-13111
b0993	TU0-13112
b0994	TU0-8530
b0995	TU793
b0996	TU00212
b0997	TU00212
b0998	TU00212
b0999	TU0-36443
b0999	TU0-42532
b0999	TU0-42533
b0999	TU0-45195
b0999	TU00387
b1	TU0-13156
b1	TU0-36425
b1000	TU0-36443
b1000	TU0-42532
b1000	TU0-42533
b1000	TU0-45195
b1000	TU00387
b1001	TU0-13113
b1002	TU0-7401
b1003	TU0-13114
b1004	TU0-13114
b1006	TU0-3645
b1007	TU0-3645
b1008	TU0-3645
b1009	TU0-3645
b1010	TU0-3645
b1011	TU0-3645
b1012	TU0-3645
b1013	TU-8423
b1013	TU0-14540
b1014	TU355
b1015	TU103
b1015	TU104
b1015	TU121
b1015	TU122
b1015	TU123
b1018	TU0-13116
b1019	TU0-13116
b1020	TU864
b1020	TU866
b1021	TU0-8471
b1022	TU0-8471
b1023	TU0-8471
b1024	TU0-8471
b1025	TU0-8682
b1026	TU0-13117
b1027	TU0-13117
b1029	TU0-13118
b1032	TU00510
b1033	TU0-13119
b1034	TU0-13120
b1035	TU0-13120
b1036	TU0-13121
b1037	TU0-14429
b1037	TU0-45201
b1037	TU0-45257
b1037	TU00392
b1038	TU0-14429
b1038	TU0-45201
b1038	TU0-45257
b1038	TU00392
b1039	TU0-14429
b1039	TU0-45201
b1039	TU0-45257
b1039	TU00392
b1040	TU0-14429
b1040	TU0-45201
b1040	TU0-45257
b1040	TU00392
b1041	TU0-45224
b1041	TU00390
b1042	TU0-42695
b1042	TU0-45224
b1042	TU00390
b1043	TU0-14514
b1043	TU0-45224
b1043	TU00390
b1044	TU0-13122
b1044	TU0-42664
b1044	TU0-42668
b1045	TU0-13123
b1045	TU0-42664
b1045	TU0-42666
b1045	TU0-42668
b1046	TU0-13123
b1046	TU0-14619
b1046	TU0-42664
b1047	TU0-8826
b1048	TU0-4143
b1048	TU0-45174
b1048	TU00297
b1049	TU0-4143
b1049	TU0-45174
b1049	TU00297
b1050	TU0-13124
b1051	TU0-8150
b1053	TU0-13125
b1054	TU0-901
b1055	TU0-921
b1056	TU0-13126
b1056	TU0-41656
b1056	TU0-45228
b1057	TU0-13126
b1057	TU0-45228
b1058	TU0-13127
b1059	TU0-13127
b1060	TU0-14621
b1060	TU0-8351
b1060	TU0-8352
b1061	TU0-13128
b1062	TU00060
b1063	TU0-13129
b1064	TU0-13130
b1065	TU0-13131
b1066	TU0-8281
b1067	TU0-14349
b1068	TU0-14350
b1069	TU0-13132
b1070	TU0-1544
b1070	TU00272
b1071	TU0-1544
b1071	TU00272
b1072	TU00272
b1073	TU00273
b1074	TU00273
b1075	TU00273
b1076	TU00273
b1077	TU00273
b1078	TU00273
b1079	TU00273
b1080	TU00273
b1081	TU00273
b1082	TU0-1545
b1083	TU0-1545
b1084	TU-8407
b1084	TU0-14272
b1084	TU0-14273
b1084	TU0-14622
b1085	TU0-13133
b1086	TU0-13134
b1087	TU0-8683
b1088	TU601
b1088	TU602
b1089	TU0-1
b1089	TU601
b1089	TU602
b1090	TU0-1
b1090	TU0-5
b1091	TU0-1
b1091	TU0-5
b1091	TU00266
b1092	TU0-1
b1092	TU0-5
b1092	TU00266
b1092	TU442
b1093	TU0-1
b1093	TU0-5
b1093	TU00266
b1093	TU442
b1093	TU443
b1094	TU0-42537
b1094	TU441
b1094	TU442
b1094	TU443
b1095	TU0-42538
b1095	TU441
b1096	TU0-13135
b1097	TU0-13135
b1098	TU0-13135
b1099	TU0-13135
b1100	TU0-13135
b1101	TU0-1141
b1101	TU0-1142
b1102	TU0-2581
b1103	TU0-13136
b1104	TU0-13136
b1105	TU0-13136
b1106	TU0-13136
b1107	TU0-13136
b1108	TU0-13136
b1109	TU00158
b1110	TU0-13137
b1111	TU0-8684
b1112	TU0-41673
b1112	TU0-8685
b1113	TU0-13138
b1114	TU0-2081
b1114	TU0-2082
b1115	TU0-13140
b1116	TU0-13141
b1117	TU0-13141
b1118	TU0-13141
b1119	TU0-13142
b1120	TU0-13142
b1121	TU0-13143
b1122	TU0-13143
b1123	TU00321
b1124	TU00321
b1125	TU00321
b1126	TU00321
b1127	TU0-8490
b1128	TU0-13144
b1129	TU0-14468
b1129	TU0-41681
b1129	TU00319
b1129	TU66
b1130	TU0-14468
b1130	TU00319
b1130	TU66
b1131	TU00054
b1132	TU00054
b1133	TU0-14364
b1134	TU0-13145
b1135	TU0-13145
b1136	TU00107
b1136	TU00425
b1137	TU0-13147
b1138	TU0-13147
b1139	TU0-8848
b1140	TU0-13148
b1141	TU0-13148
b1142	TU0-13148
b1143	TU0-8635
b1144	TU0-13149
b1145	TU0-13150
b1146	TU0-13151
b1147	TU0-13151
b1148	TU0-13151
b1149	TU0-13151
b1150	TU0-13151
b1151	TU0-13151
b1153	TU0-13151
b1154	TU0-13151
b1155	TU0-13151
b1156	TU0-13152
b1157	TU0-13152
b1158	TU0-13153
b1159	TU0-13154
b1161	TU0-13157
b1162	TU0-13158
b1163	TU0-42501
b1164	TU0-13160
b1164	TU0-14762
b1164	TU0-45166
b1165	TU0-13161
b1165	TU0-14762
b1165	TU0-45166
b1166	TU0-13161
b1166	TU0-14762
b1166	TU0-42593
b1166	TU0-45166
b1167	TU0-13162
b1167	TU0-14762
b1167	TU0-45166
b1168	TU0-13163
b1171	TU0-13167
b1172	TU0-13167
b1174	TU00299
b1175	TU00299
b1176	TU00299
b1177	TU0-8687
b1178	TU0-8688
b1179	TU0-13169
b1180	TU0-13170
b1181	TU0-13171
b1182	TU581
b1183	TU00180
b1184	TU00180
b1185	TU0-13172
b1186	TU0-13173
b1187	TU0-14737
b1187	TU0-8794
b1188	TU0-8686
b1189	TU00255
b1189	TU461
b1189	TU462
b1190	TU00255
b1190	TU461
b1190	TU462
b1191	TU0-13174
b1192	TU0-13175
b1193	TU0-8791
b1194	TU0-1548
b1195	TU0-13176
b1196	TU0-13177
b1197	TU00396
b1198	TU0-14518
b1198	TU0-7981
b1199	TU0-7981
b1200	TU0-7981
b1201	TU0-7962
b1202	TU0-13178
b1203	TU0-1781
b1203	TU0-1782
b1204	TU0-1781
b1205	TU0-8689
b1206	TU0-13179
b1207	TU0-8323
b1207	TU00203
b1208	TU0-8323
b1209	TU0-8323
b1210	TU0-4201
b1210	TU0-4202
b1211	TU0-4201
b1212	TU0-4201
b1213	TU305
b1214	TU305
b1215	TU305
b1215	TU306
b1216	TU0-8777
b1217	TU00249
b1218	TU0-14458
b1218	TU00249
b1219	TU0-8690
b1220	TU0-8691
b1221	TU00156
b1222	TU00156
b1223	TU0-8324
b1223	TU00045
b1224	TU00044
b1225	TU00044
b1226	TU00044
b1227	TU00044
b1228	TU0-13180
b1229	TU0-14549
b1229	TU00511
b1230	TU0-14549
b1230	TU00511
b1231	TU00511
b1232	TU0-13182
b1233	TU0-13183
b1234	TU0-8367
b1235	TU0-8364
b1235	TU0-8367
b1236	TU0-7441
b1237	TU00139
b1238	TU0-8527
b1241	TU0-45181
b1241	TU00198
b1241	TU546
b1242	TU0-13185
b1243	TU00222
b1244	TU0-45147
b1244	TU00222
b1245	TU0-45147
b1245	TU00222
b1246	TU0-45147
b1246	TU00222
b1247	TU0-45147
b1247	TU00222
b1248	TU863
b1249	TU863
b1250	TU0-4403
b1251	TU0-13188
b1252	TU00167
b1253	TU0-13189
b1254	TU0-13190
b1255	TU0-13190
b1256	TU0-8813
b1257	TU0-13193
b1257	TU0-36411
b1258	TU0-13193
b1259	TU0-13193
b1259	TU0-36408
b1260	TU00067
b1260	TU3
b1261	TU00067
b1261	TU3
b1262	TU00067
b1262	TU3
b1263	TU00067
b1264	TU00067
b1265	TU0-42510
b1265	TU00067
b1266	TU0-13194
b1267	TU0-13194
b1268	TU0-13194
b1269	TU0-13195
b1270	TU0-13196
b1271	TU0-13196
b1272	TU0-45253
b1272	TU0-961
b1272	TU0-962
b1273	TU0-8692
b1274	TU0-2501
b1274	TU0-2502
b1274	TU0-2503
b1274	TU0-2504
b1274	TU0-2505
b1274	TU0-45223
b1275	TU00077
b1276	TU0-14625
b1276	TU0-45169
b1276	TU794
b1276	TU795
b1277	TU0-1741
b1277	TU0-1742
b1278	TU0-13199
b1279	TU0-13200
b1279	TU0-14472
b1279	TU0-42573
b1279	TU0-45261
b1279	TU0-45262
b1280	TU0-13200
b1280	TU0-14472
b1280	TU0-42573
b1280	TU0-45261
b1280	TU0-45262
b1281	TU0-14472
b1281	TU0-45262
b1281	TU0-6407
b1282	TU0-14472
b1282	TU0-45262
b1282	TU0-6407
b1283	TU0-45230
b1283	TU00388
b1283	TU00389
b1284	TU0-42448
b1284	TU0-8475
b1285	TU0-4021
b1286	TU582
b1286	TU583
b1287	TU0-13203
b1288	TU0-13204
b1288	TU0-42604
b1289	TU0-13205
b1290	TU0-13206
b1291	TU0-13206
b1292	TU0-13206
b1293	TU0-13206
b1294	TU0-13206
b1295	TU0-13207
b1296	TU0-13209
b1296	TU0-4404
b1297	TU0-13209
b1298	TU0-13210
b1299	TU0-13210
b1300	TU0-13210
b1300	TU0-13211
b1301	TU0-13210
b1301	TU0-13211
b1302	TU0-13210
b1302	TU0-13211
b1303	TU0-1802
b1303	TU0-1803
b1303	TU0-1805
b1304	TU00326
b1305	TU0-14550
b1305	TU00326
b1306	TU0-14550
b1306	TU00326
b1307	TU0-14550
b1307	TU00326
b1308	TU0-14499
b1308	TU0-14550
b1308	TU00326
b1309	TU0-13212
b1310	TU0-13212
b1311	TU0-13212
b1312	TU0-13212
b1313	TU0-13212
b1314	TU0-13212
b1315	TU0-13212
b1316	TU0-13212
b1317	TU0-13212
b1318	TU0-13212
b1319	TU0-13212
b1319	TU0-13213
b1320	TU0-8695
b1321	TU0-13214
b1321	TU0-14473
b1322	TU0-13214
b1322	TU0-14473
b1323	TU0-14473
b1323	TU00068
b1324	TU544
b1325	TU0-8693
b1326	TU0-13215
b1326	TU0-41739
b1326	TU0-42524
b1327	TU0-13216
b1327	TU0-42524
b1328	TU0-13217
b1329	TU0-13218
b1330	TU0-8636
b1331	TU0-13219
b1332	TU0-13220
b1333	TU0-13221
b1334	TU00022
b1335	TU0-13222
b1335	TU0-14739
b1336	TU0-13222
b1337	TU0-13222
b1338	TU0-13222
b1339	TU0-8760
b1340	TU0-8696
b1341	TU0-8697
b1342	TU0-13223
b1343	NA
b1344	TU0-13225
b1345	TU0-13226
b1346	TU0-13226
b1347	TU0-13226
b1348	TU0-13226
b1349	TU0-13226
b1350	TU0-13226
b1351	TU0-13227
b1352	TU0-13228
b1353	TU0-8509
b1355	TU0-13229
b1356	TU0-13230
b1357	TU0-13231
b1358	TU0-13231
b1359	TU0-13231
b1360	TU0-13231
b1361	TU0-13231
b1363	TU0-13233
b1365	TU0-13234
b1366	TU0-13234
b1368	TU0-13235
b1370	TU0-8834
b1372	TU0-13236
b1373	TU0-13236
b1374	TU0-13237
b1375	TU0-13238
b1376	TU0-13239
b1377	TU0-13240
b1377	TU0-41760
b1377	TU0-42540
b1378	TU0-41760
b1378	TU0-42540
b1378	TU0-8699
b1379	TU0-13241
b1380	TU0-8353
b1381	TU0-13242
b1382	TU0-13242
b1383	TU0-13242
b1384	TU0-42547
b1384	TU0-42548
b1384	TU0-42549
b1384	TU501
b1385	TU0-42551
b1385	TU0-8795
b1386	TU0-42552
b1387	TU4
b1388	TU5
b1389	TU5
b1390	TU5
b1391	TU5
b1392	TU5
b1393	TU5
b1394	TU5
b1395	TU5
b1396	TU5
b1397	TU0-44205
b1397	TU0-44206
b1397	TU0-44207
b1397	TU5
b1398	TU5
b1399	TU7
b1400	TU7
b1402	TU0-13245
b1403	TU0-13245
b1404	TU0-13246
b1406	TU0-13248
b1407	TU0-13249
b1408	TU0-13250
b1409	TU0-13250
b1410	TU0-13250
b1411	TU0-13250
b1412	TU0-42461
b1413	TU0-13251
b1414	TU0-13252
b1415	TU102
b1418	TU0-13253
b1419	TU0-13254
b1420	TU0-13256
b1421	TU0-14627
b1422	TU0-8700
b1423	TU0-13258
b1424	TU0-13259
b1426	TU0-13260
b1427	TU0-6423
b1428	TU0-8701
b1429	TU00364
b1430	TU00364
b1431	TU0-13261
b1432	TU0-14243
b1433	TU0-8702
b1434	TU0-13264
b1435	TU0-13265
b1436	TU0-14242
b1438	TU0-13266
b1438	TU0-45145
b1439	TU0-13267
b1440	TU0-3644
b1440	TU0-41778
b1440	TU0-42535
b1441	TU0-3644
b1441	TU0-41778
b1441	TU0-42535
b1442	TU0-3644
b1442	TU0-41778
b1442	TU0-42535
b1443	TU0-3644
b1443	TU0-41778
b1443	TU0-42535
b1444	TU0-13268
b1444	TU0-3644
b1444	TU0-41778
b1444	TU0-42535
b1445	TU0-13269
b1446	TU0-13270
b1447	TU0-13271
b1448	TU0-13271
b1449	TU0-13272
b1450	TU0-13273
b1451	TU0-8637
b1452	TU0-8638
b1453	TU0-8147
b1453	TU0-8148
b1454	TU0-13274
b1455	TU0-13275
b1457	TU0-13276
b1460	TU0-13279
b1461	TU0-13280
b1462	TU0-8703
b1463	TU0-8818
b1464	TU0-13281
b1465	TU-8427
b1465	TU00306
b1466	TU-8427
b1466	TU00306
b1467	TU00306
b1468	TU00306
b1469	TU0-2649
b1469	TU0-2661
b1471	TU0-13283
b1472	TU0-13283
b1473	TU0-13284
b1474	TU00157
b1475	TU00157
b1476	TU00157
b1477	TU0-13285
b1478	TU0-13286
b1479	TU0-13287
b1480	TU0-3901
b1480	TU0-7141
b1481	TU0-7141
b1482	TU0-1761
b1482	TU0-1762
b1483	TU0-3623
b1483	TU0-42462
b1483	TU0-42463
b1484	TU0-3623
b1484	TU0-42462
b1484	TU0-42463
b1485	TU0-3623
b1485	TU0-42462
b1485	TU0-42463
b1486	TU0-3623
b1486	TU0-42462
b1486	TU0-42463
b1487	TU0-3623
b1487	TU0-42462
b1487	TU0-42463
b1488	TU0-3623
b1488	TU0-42462
b1488	TU0-42463
b1489	TU0-8478
b1490	TU0-8478
b1491	TU0-13288
b1492	TU0-41793
b1492	TU0-45231
b1492	TU369
b1493	TU0-45231
b1493	TU369
b1494	TU0-13289
b1495	TU0-13290
b1496	TU0-13290
b1497	TU0-13291
b1497	TU0-41795
b1498	TU0-13292
b1498	TU0-41795
b1499	TU0-14545
b1499	TU0-7743
b1500	TU0-14545
b1501	TU0-7741
b1502	TU0-13293
b1503	TU0-13294
b1504	TU0-13294
b1505	TU0-13294
b1507	TU00284
b1508	TU00284
b1511	TU0-13298
b1511	TU0-13299
b1512	TU0-13299
b1513	TU0-7861
b1514	TU0-7861
b1515	TU0-7861
b1516	TU0-7861
b1517	TU0-7861
b1518	TU0-7861
b1519	TU0-13300
b1519	TU0-7861
b1520	TU0-13301
b1521	TU0-36422
b1521	TU00372
b1522	TU0-13302
b1523	TU0-13303
b1524	TU0-13303
b1525	TU0-13304
b1526	TU0-13305
b1527	TU0-13306
b1528	TU0-1421
b1529	TU0-8827
b1530	TU00190
b1531	TU00190
b1532	TU00190
b1533	TU0-8704
b1534	TU0-8705
b1535	TU0-13308
b1536	TU0-41801
b1537	TU0-8706
b1538	TU0-8783
b1539	TU0-13310
b1540	TU0-13311
b1541	TU0-13312
b1542	TU0-13313
b1543	TU0-13314
b1544	TU0-13315
b1545	TU0-13316
b1546	TU0-7681
b1547	TU0-7681
b1548	TU0-7681
b1549	TU0-13318
b1550	TU0-13319
b1551	TU0-13320
b1552	TU0-42493
b1552	TU0-6981
b1553	TU0-13321
b1554	TU0-13321
b1555	TU0-13321
b1556	TU0-13321
b1557	TU0-6982
b1558	TU0-8779
b1559	TU0-13322
b1560	TU0-13322
b1561	TU0-13323
b1562	TU0-13324
b1562	TU0-14381
b1563	TU0-13325
b1563	TU0-14381
b1564	TU0-13325
b1564	TU0-14381
b1565	TU0-13326
b1566	TU0-1501
b1567	TU0-13327
b1568	TU0-13327
b1569	TU0-13327
b1570	TU0-13328
b1571	TU0-13329
b1572	TU0-13329
b1573	TU0-13329
b1574	TU0-13330
b1575	TU0-13331
b1576	TU0-13331
b1578	TU0-13331
b1579	TU0-13331
b1580	TU0-13333
b1581	TU0-13333
b1582	TU0-13334
b1583	TU0-13335
b1584	TU0-13335
b1585	TU0-8639
b1586	TU0-13336
b1587	TU0-45246
b1587	TU0-5481
b1588	TU0-45246
b1588	TU0-5481
b1589	TU0-45246
b1589	TU0-5481
b1590	TU0-45246
b1590	TU0-5481
b1591	TU0-45246
b1591	TU0-5481
b1592	TU0-13337
b1593	TU0-13338
b1593	TU0-45193
b1593	TU790
b1594	TU0-45193
b1594	TU789
b1594	TU790
b1595	TU0-13340
b1596	TU0-13341
b1597	TU0-1701
b1597	TU0-45276
b1598	TU0-13342
b1599	TU0-13343
b1600	TU0-13343
b1601	TU0-8532
b1602	TU00320
b1603	TU00320
b1604	TU0-13344
b1605	TU0-13345
b1606	TU0-13345
b1607	TU0-8707
b1608	TU0-7784
b1609	TU0-7784
b1610	TU0-13346
b1611	TU0-42482
b1611	TU0-42499
b1611	TU00105
b1612	TU0-42499
b1612	TU00104
b1613	TU0-6425
b1614	TU0-13348
b1615	TU0-5081
b1616	TU0-5081
b1617	TU0-5081
b1618	TU0-5082
b1619	TU0-13349
b1620	TU00187
b1621	TU00132
b1622	TU0-44194
b1622	TU00132
b1623	TU0-13350
b1624	TU0-8708
b1625	TU0-13352
b1626	TU0-8456
b1627	TU0-8456
b1627	TU0-8458
b1628	TU0-8456
b1628	TU0-8458
b1629	TU0-8456
b1629	TU0-8458
b1630	TU0-8456
b1630	TU0-8458
b1631	TU0-8456
b1631	TU0-8458
b1632	TU0-8456
b1632	TU0-8458
b1633	TU0-8456
b1633	TU0-8458
b1634	TU0-8473
b1635	TU0-13353
b1636	TU0-14496
b1636	TU0-14629
b1636	TU0-8864
b1636	TU0-8865
b1637	TU0-14629
b1637	TU0-8864
b1637	TU0-8865
b1638	TU0-8864
b1639	TU0-13354
b1640	TU0-13355
b1641	TU0-7802
b1641	TU0-7803
b1642	TU0-8511
b1643	TU-8428
b1644	TU-8428
b1645	TU-8428
b1646	TU0-13356
b1647	TU0-13357
b1648	TU0-13358
b1649	TU0-14351
b1649	TU0-14687
b1649	TU0-42534
b1650	TU0-14352
b1650	TU0-14687
b1650	TU0-42534
b1651	TU0-42534
b1651	TU0-8182
b1652	TU00333
b1653	TU-8430
b1653	TU00333
b1654	TU0-8805
b1655	TU0-13359
b1656	TU0-1681
b1657	TU0-8332
b1658	TU00059
b1659	TU0-8331
b1660	TU0-13360
b1661	TU0-45251
b1661	TU502
b1661	TU503
b1662	TU0-8504
b1663	TU0-8825
b1664	TU0-8709
b1665	TU00493
b1666	TU00493
b1667	TU0-13361
b1668	TU0-13362
b1669	TU0-13363
b1669	TU0-14675
b1670	TU0-13363
b1670	TU0-14675
b1671	TU0-13363
b1671	TU0-14675
b1672	TU0-13364
b1672	TU0-14675
b1673	TU0-13364
b1673	TU0-14675
b1674	TU0-13364
b1674	TU0-14675
b1675	TU0-13365
b1676	TU0-14630
b1676	TU0-14631
b1676	TU0-14822
b1676	TU0-45163
b1676	TU0-45244
b1676	TU00527
b1677	TU0-6509
b1677	TU0-8380
b1678	TU0-13366
b1679	TU0-2621
b1680	TU0-2621
b1681	TU0-2621
b1682	TU0-2621
b1683	TU0-2621
b1684	TU0-2621
b1685	TU0-13368
b1686	TU0-13368
b1687	TU0-13368
b1688	TU0-13369
b1689	TU0-13371
b1690	TU0-13372
b1691	TU0-13373
b1692	TU0-13373
b1693	TU0-13373
b1693	TU0-42694
b1694	TU0-13374
b1695	TU0-13374
b1696	TU0-8710
b1697	TU0-5322
b1698	TU0-5322
b1699	TU0-5322
b1700	TU0-5322
b1701	TU0-5322
b1702	TU00162
b1703	TU0-13375
b1704	TU0-14254
b1704	TU00010
b1705	TU0-13376
b1706	TU0-8482
b1707	TU0-13377
b1708	TU0-13378
b1709	TU0-44193
b1709	TU00246
b1710	TU0-44213
b1710	TU0-44214
b1710	TU00246
b1711	TU00246
b1712	TU0-14257
b1712	TU0-6626
b1712	TU00174
b1713	TU0-14257
b1713	TU0-6626
b1714	TU0-14257
b1714	TU0-6626
b1715	TU0-14257
b1715	TU0-6626
b1715	TU0-8855
b1715	TU0-8856
b1716	TU0-14255
b1716	TU0-14257
b1716	TU0-3305
b1716	TU0-6657
b1716	TU0-8855
b1717	TU0-14255
b1717	TU0-14257
b1717	TU0-3305
b1718	TU0-14257
b1718	TU0-3304
b1718	TU0-3305
b1718	TU00366
b1719	TU0-14257
b1719	TU00366
b1722	TU0-41842
b1723	TU0-6408
b1723	TU0-8181
b1724	TU0-13381
b1725	TU0-13382
b1726	TU0-8640
b1727	TU0-13383
b1728	TU0-8261
b1729	TU0-13384
b1730	TU0-13385
b1731	TU781
b1732	TU0-6507
b1733	TU00248
b1734	TU00248
b1735	TU00248
b1736	TU00248
b1737	TU00248
b1738	TU00248
b1739	TU0-45283
b1739	TU00398
b1740	TU0-13386
b1741	TU0-8267
b1742	TU0-7361
b1743	TU-8381
b1744	TU0-1002
b1744	TU0-1003
b1744	TU0-1004
b1745	TU0-1002
b1745	TU0-1003
b1745	TU0-1004
b1746	TU0-1002
b1746	TU0-1003
b1746	TU0-1004
b1747	TU0-1002
b1747	TU0-1003
b1747	TU0-1004
b1748	TU0-1002
b1748	TU0-1003
b1748	TU0-1004
b1749	TU542
b1750	TU0-13388
b1751	TU0-13388
b1752	TU0-13388
b1753	TU0-13388
b1754	TU0-13388
b1755	TU0-13388
b1756	TU0-13388
b1757	TU0-13389
b1758	TU0-8641
b1759	TU0-8814
b1760	TU0-14800
b1760	TU0-8642
b1761	TU0-1201
b1762	TU0-13390
b1763	TU0-14527
b1763	TU0-14798
b1763	TU00356
b1764	TU0-14527
b1764	TU0-14798
b1764	TU00356
b1765	TU00356
b1766	TU0-13391
b1767	TU00238
b1768	TU00238
b1769	TU0-13392
b1770	TU0-13393
b1771	TU0-13394
b1772	TU0-13394
b1773	TU0-13394
b1774	TU0-13394
b1775	TU0-13394
b1776	TU0-13394
b1777	TU0-13395
b1778	TU0-41857
b1779	TU0-42480
b1779	TU0-42481
b1779	TU0-45263
b1779	TU0-4904
b1779	TU0-4905
b1779	TU0-4906
b1779	TU0-4907
b1780	TU0-13398
b1780	TU0-4904
b1781	TU0-13399
b1782	TU0-13400
b1783	TU0-14632
b1783	TU0-3621
b1784	TU0-14632
b1784	TU0-3621
b1785	TU0-13401
b1786	TU0-13402
b1787	TU0-13403
b1788	TU0-8646
b1789	TU0-8712
b1790	TU0-8713
b1791	TU0-13404
b1792	TU0-13405
b1793	TU0-8644
b1794	TU0-8714
b1795	TU0-13406
b1796	TU0-13407
b1797	TU0-13407
b1798	TU0-42526
b1799	TU0-13409
b1800	TU0-13410
b1801	TU0-13411
b1802	TU0-13411
b1803	TU0-13412
b1804	TU0-14354
b1805	TU0-4187
b1806	TU0-13413
b1806	TU0-3464
b1807	TU0-13413
b1808	TU0-13414
b1809	TU0-13415
b1810	TU0-13416
b1811	TU0-8645
b1812	TU0-13417
b1813	TU0-13417
b1814	TU00223
b1815	TU0-13418
b1816	TU0-8643
b1817	TU00196
b1818	TU00196
b1819	TU00196
b1820	TU0-13419
b1821	TU0-13420
b1822	TU0-13421
b1823	TU0-13422
b1823	TU0-14771
b1824	TU0-13422
b1824	TU0-14771
b1825	TU0-13423
b1826	TU0-2447
b1827	TU0-8841
b1828	TU0-8715
b1829	TU00400
b1830	TU0-13425
b1831	TU0-13425
b1832	TU0-13426
b1833	TU0-13427
b1834	TU0-13427
b1835	TU0-13428
b1836	TU0-13429
b1837	TU0-13430
b1838	TU0-3463
b1838	TU0-45144
b1839	TU0-13432
b1840	TU0-13432
b1841	TU0-13432
b1842	TU0-13433
b1843	TU0-13434
b1844	TU0-13434
b1845	TU0-13435
b1846	TU0-13436
b1847	TU0-13437
b1848	TU0-13438
b1849	TU0-8494
b1850	TU00227
b1850	TU25
b1850	TU26
b1850	TU27
b1851	TU00227
b1852	TU00209
b1853	TU0-13439
b1854	TU0-13440
b1854	TU0-14633
b1854	TU0-45175
b1854	TU0-45220
b1855	TU0-13441
b1856	TU0-14369
b1857	TU0-4642
b1858	TU0-4604
b1859	TU0-4604
b1860	TU0-6661
b1860	TU00353
b1861	TU0-6661
b1861	TU00353
b1862	TU0-8244
b1862	TU0-8245
b1863	TU0-8241
b1863	TU0-8242
b1863	TU0-8243
b1864	TU0-8241
b1864	TU0-8243
b1865	TU0-8243
b1866	TU0-14634
b1866	TU0-8084
b1867	TU0-13442
b1868	TU0-13442
b1869	TU0-13443
b1870	TU0-13443
b1871	TU0-13443
b1872	TU684
b1873	TU684
b1874	TU00451
b1875	TU00451
b1876	TU0-13444
b1877	TU0-13445
b1878	TU-8405
b1879	TU-8405
b1880	TU-8405
b1881	TU0-1547
b1882	TU0-1547
b1883	TU0-1547
b1884	TU0-1547
b1885	TU0-1547
b1886	TU0-1547
b1887	TU00303
b1888	TU00303
b1889	TU00303
b1890	TU00303
b1891	TU0-14785
b1891	TU00136
b1892	TU0-14785
b1892	TU00136
b1893	TU0-13446
b1894	TU0-13446
b1895	TU0-8535
b1896	TU0-7722
b1896	TU00312
b1896	TU00391
b1897	TU0-7722
b1897	TU00312
b1898	TU0-42451
b1898	TU0-45183
b1898	TU00098
b1900	TU0-42451
b1900	TU0-45183
b1900	TU00098
b1901	TU0-42451
b1901	TU0-45183
b1901	TU00098
b1902	TU-8438
b1902	TU0-14282
b1904	TU-8399
b1905	TU0-13449
b1906	TU0-8717
b1907	TU0-6631
b1907	TU00088
b1908	TU0-13450
b1909	TU00512
b1910	TU00512
b1911	TU00512
b1912	TU0-13451
b1913	TU0-6559
b1913	TU0-6686
b1914	TU0-6686
b1915	TU0-8716
b1916	TU0-13452
b1916	TU0-41901
b1916	TU0-42465
b1916	TU0-42466
b1916	TU0-42467
b1916	TU0-42622
b1916	TU0-42626
b1917	TU0-13453
b1918	TU0-13453
b1919	TU0-13453
b1920	TU0-14515
b1920	TU00415
b1920	TU00471
b1921	TU00415
b1921	TU00471
b1922	TU00415
b1922	TU00471
b1923	TU0-1521
b1924	TU0-14278
b1924	TU00274
b1925	TU0-14278
b1925	TU00274
b1926	TU0-14278
b1926	TU00274
b1927	TU0-7461
b1928	TU0-8719
b1929	TU0-13455
b1930	TU0-13455
b1931	TU0-13456
b1932	TU0-13457
b1937	TU-8408
b1937	TU0-8340
b1938	TU-8411
b1938	TU00275
b1939	TU-8411
b1939	TU00275
b1940	TU-8411
b1940	TU00275
b1941	TU-8411
b1941	TU00275
b1942	TU-8411
b1942	TU00275
b1943	TU-8411
b1943	TU00275
b1944	TU0-1441
b1944	TU00276
b1945	TU0-1441
b1945	TU00276
b1946	TU0-1441
b1946	TU00276
b1947	TU0-1441
b1947	TU00276
b1948	TU0-1441
b1948	TU00276
b1949	TU0-1441
b1949	TU00276
b1950	TU0-1441
b1950	TU00276
b1951	TU00486
b1952	TU0-8789
b1953	TU0-8648
b1954	TU0-8788
b1955	TU0-8720
b1956	TU0-13460
b1957	TU0-13461
b1958	TU0-13462
b1959	TU0-8718
b1960	TU00257
b1961	TU00257
b1962	TU0-13463
b1963	TU0-13463
b1967	TU0-13466
b1967	TU0-14416
b1968	TU0-13467
b1969	TU0-13467
b1970	TU0-13468
b1971	TU0-13469
b1972	TU0-13469
b1973	TU0-8330
b1974	TU0-13470
b1975	TU00513
b1976	TU0-13471
b1977	TU00497
b1978	TU0-13472
b1981	TU0-42474
b1982	TU0-6422
b1983	TU0-13476
b1984	TU0-3561
b1985	TU0-13477
b1986	TU00498
b1987	TU0-1342
b1988	TU65
b1989	TU00499
b1990	TU0-13478
b1991	TU0-8368
b1991	TU00252
b1992	TU0-8368
b1992	TU00252
b1993	TU0-8368
b1993	TU00252
b1994	TU0-13479
b1996	TU0-13480
b1997	TU0-13480
b2	TU0-13890
b2000	TU0-14635
b2000	TU0-14636
b2000	TU0-2701
b2001	TU0-13483
b2002	TU0-13483
b2003	TU0-13483
b2004	TU0-13483
b2005	TU0-13483
b2006	TU0-13483
b2007	TU0-13485
b2008	TU0-13486
b2009	TU0-13487
b2009	TU0-14637
b2010	TU0-13488
b2011	TU0-6513
b2012	TU0-13489
b2013	TU0-13489
b2014	TU0-13490
b2015	TU0-13491
b2016	TU0-13492
b2017	TU0-13493
b2018	TU0-42511
b2018	TU00285
b2019	TU00285
b2020	TU00285
b2021	TU00285
b2022	TU0-6650
b2022	TU00285
b2023	TU0-6650
b2023	TU00285
b2024	TU0-6650
b2024	TU00285
b2025	TU0-6650
b2025	TU00285
b2026	TU0-6650
b2026	TU00285
b2027	TU0-13494
b2028	TU0-13495
b2029	TU0-5101
b2030	TU0-14362
b2032	TU0-14317
b2033	TU0-14317
b2034	TU0-14317
b2035	TU0-14315
b2036	TU0-14315
b2037	TU0-14523
b2037	TU00331
b2038	TU0-14523
b2038	TU00331
b2039	TU0-14523
b2039	TU00331
b2040	TU00331
b2041	TU00331
b2042	TU0-14346
b2043	TU0-13498
b2044	TU0-13498
b2045	TU0-13498
b2046	TU0-13499
b2047	TU0-13499
b2048	TU0-13499
b2049	TU0-13499
b2050	TU0-13499
b2051	TU0-13499
b2052	TU0-13499
b2053	TU0-13499
b2054	TU0-13499
b2055	TU0-13499
b2056	TU0-13499
b2057	TU0-13499
b2058	TU00207
b2059	TU00207
b2060	TU0-14452
b2060	TU00207
b2061	TU0-14452
b2061	TU00207
b2062	TU0-14452
b2062	TU00207
b2063	TU0-8723
b2064	TU0-13500
b2065	TU0-14492
b2065	TU00370
b2066	TU00370
b2067	TU0-8722
b2068	TU0-45243
b2068	TU00002
b2069	TU0-8721
b2070	TU0-8724
b2071	TU0-8725
b2072	TU0-13501
b2073	TU0-13501
b2074	TU0-7881
b2075	TU0-7881
b2076	TU0-7881
b2077	TU0-7881
b2078	TU0-7881
b2078	TU00244
b2079	TU0-7881
b2079	TU00244
b2080	TU0-13504
b2081	TU0-13505
b2082	TU0-14353
b2085	TU0-7744
b2086	TU0-8328
b2088	TU0-13507
b2089	TU0-13507
b2090	TU0-8044
b2091	TU0-14638
b2091	TU00169
b2092	TU0-14638
b2092	TU00169
b2093	TU0-14638
b2093	TU00169
b2094	TU0-14638
b2094	TU00169
b2095	TU0-14638
b2095	TU00169
b2096	TU00169
b2097	TU0-8469
b2098	TU0-13509
b2099	TU0-13509
b2100	TU0-13509
b2101	TU0-13510
b2102	TU0-13511
b2103	TU0-13512
b2104	TU0-13512
b2105	TU0-13513
b2106	TU0-13514
b2107	TU0-13514
b2107	TU0-13515
b2108	TU0-13516
b2109	TU0-13516
b2110	TU0-13516
b2111	TU0-13516
b2112	TU0-13517
b2113	TU0-13518
b2114	TU0-13519
b2114	TU0-42595
b2115	TU0-9
b2118	TU0-13521
b2119	TU0-13523
b2120	TU0-13523
b2121	TU0-13523
b2122	TU0-13523
b2123	TU0-13524
b2124	TU0-13525
b2125	TU0-13526
b2126	TU0-13526
b2127	TU0-13527
b2127	TU0-45249
b2128	TU0-14559
b2128	TU0-5341
b2129	TU0-14559
b2129	TU0-5341
b2130	TU0-14559
b2130	TU0-5341
b2131	TU0-14559
b2131	TU0-5341
b2132	TU0-7501
b2133	TU0-8787
b2134	TU0-13529
b2135	TU0-13530
b2136	TU0-8649
b2137	TU0-13531
b2140	TU0-13534
b2141	TU0-13535
b2142	TU0-13535
b2143	TU841
b2144	TU0-13537
b2145	TU0-13537
b2146	TU0-13538
b2147	TU0-13538
b2148	TU0-45256
b2148	TU0-7901
b2148	TU00168
b2149	TU0-45256
b2149	TU0-7901
b2149	TU00168
b2150	TU0-45256
b2150	TU00168
b2151	TU00024
b2152	TU0-13539
b2153	TU0-13539
b2154	TU0-8726
b2155	TU00014
b2155	TU00015
b2156	TU0-6404
b2157	TU0-13541
b2158	TU0-13542
b2159	TU00189
b2160	TU0-14304
b2161	TU0-13543
b2162	TU862
b2163	TU0-14303
b2163	TU861
b2164	TU0-13545
b2165	TU0-13546
b2166	TU0-13546
b2167	TU00161
b2168	TU00161
b2169	TU00161
b2170	TU0-14239
b2171	TU0-13547
b2172	TU0-13548
b2173	TU0-13549
b2174	TU0-13549
b2174	TU0-44219
b2175	TU0-13550
b2175	TU0-42566
b2176	TU0-13551
b2177	TU0-13552
b2178	TU0-13552
b2179	TU0-13552
b2180	TU0-13552
b2181	TU0-13553
b2181	TU0-42565
b2182	TU0-13554
b2183	TU0-13555
b2184	TU0-13556
b2185	TU0-13557
b2186	TU0-8727
b2187	TU0-13558
b2188	TU0-13558
b2189	TU00494
b2192	TU0-8835
b2193	TU0-8819
b2194	TU0-5261
b2194	TU00305
b2194	TU363
b2195	TU0-5261
b2195	TU00305
b2195	TU363
b2196	TU0-5261
b2196	TU00305
b2196	TU363
b2197	TU0-5261
b2197	TU00305
b2197	TU363
b2198	TU0-5261
b2198	TU00305
b2198	TU363
b2199	TU0-5261
b2199	TU00305
b2199	TU363
b2200	TU0-5261
b2200	TU00305
b2200	TU363
b2201	TU0-5261
b2201	TU00305
b2201	TU363
b2202	TU0-8484
b2202	TU00305
b2202	TU363
b2203	TU0-8484
b2203	TU00305
b2203	TU363
b2204	TU0-8484
b2204	TU00305
b2204	TU363
b2205	TU0-8484
b2205	TU00305
b2205	TU363
b2206	TU0-8484
b2206	TU00305
b2206	TU363
b2207	TU0-8484
b2207	TU00305
b2207	TU363
b2208	TU0-8484
b2208	TU00305
b2208	TU363
b2209	TU0-8790
b2210	TU0-13559
b2211	TU0-13560
b2212	TU0-45248
b2212	TU00072
b2212	TU00073
b2213	TU0-45248
b2213	TU00072
b2214	TU0-13561
b2215	TU00049
b2215	TU00476
b2215	TU00477
b2216	TU0-14359
b2217	TU0-14359
b2217	TU0-36403
b2217	TU00327
b2218	TU00328
b2219	TU0-13562
b2220	TU0-13562
b2221	TU00114
b2222	TU00114
b2223	TU00114
b2224	TU00114
b2225	TU0-13563
b2226	TU0-13563
b2229	TU0-13563
b2230	TU0-13563
b2231	TU00140
b2232	TU00126
b2233	TU0-8729
b2234	TU00047
b2235	TU00047
b2236	TU0-14305
b2236	TU00047
b2237	TU0-1841
b2239	TU0-42700
b2239	TU00216
b2240	TU00216
b2241	TU00030
b2242	TU00030
b2243	TU00030
b2244	TU0-13564
b2245	TU0-13565
b2245	TU0-14691
b2246	TU0-13565
b2246	TU0-14691
b2247	TU0-13566
b2247	TU0-14691
b2248	TU0-13566
b2248	TU0-14691
b2249	TU0-13567
b2250	TU0-13568
b2251	TU0-8730
b2252	TU0-8766
b2253	TU0-13569
b2254	TU0-13569
b2255	TU0-13569
b2256	TU0-13569
b2257	TU0-13569
b2258	TU0-13569
b2259	TU0-13570
b2260	TU0-14538
b2260	TU0-5843
b2260	TU00298
b2261	TU0-14538
b2261	TU0-5843
b2261	TU00298
b2262	TU0-14538
b2262	TU0-5843
b2262	TU00298
b2263	TU0-14538
b2263	TU00298
b2264	TU0-14538
b2264	TU00298
b2265	TU00298
b2266	TU0-13571
b2267	TU0-13572
b2268	TU0-13573
b2269	TU0-13574
b2270	TU0-8731
b2271	TU0-13575
b2272	TU0-13576
b2273	TU0-8732
b2274	TU0-13577
b2275	TU0-13578
b2276	TU0-14531
b2276	TU00310
b2276	TU00448
b2277	TU0-14531
b2277	TU00310
b2277	TU00448
b2278	TU00310
b2278	TU00448
b2279	TU00310
b2279	TU00448
b2280	TU00310
b2280	TU00448
b2281	TU00310
b2281	TU00448
b2282	TU00310
b2282	TU00448
b2283	TU00310
b2283	TU00448
b2284	TU00310
b2284	TU00448
b2285	TU00310
b2285	TU00448
b2286	TU00310
b2286	TU00448
b2287	TU00310
b2287	TU00448
b2288	TU00310
b2288	TU00448
b2289	TU00428
b2290	TU0-13579
b2290	TU0-36413
b2291	TU0-13580
b2291	TU0-36413
b2292	TU0-13581
b2293	TU0-13582
b2294	TU0-13582
b2295	TU0-13583
b2296	TU0-8301
b2296	TU00385
b2297	TU0-8301
b2297	TU0-8302
b2298	TU0-13584
b2299	TU0-13585
b2300	TU0-13586
b2301	TU0-13587
b2302	TU0-13588
b2303	TU0-13589
b2304	TU0-13589
b2305	TU0-13590
b2306	TU0-14415
b2306	TU0-3581
b2307	TU0-14415
b2307	TU0-3581
b2308	TU0-14415
b2308	TU0-3581
b2309	TU0-14415
b2309	TU0-3581
b2310	TU0-3581
b2311	TU0-14520
b2311	TU00444
b2311	TU00475
b2312	TU00444
b2312	TU00475
b2313	TU00444
b2313	TU00475
b2314	TU0-13591
b2315	TU0-13591
b2316	TU00232
b2317	TU0-5182
b2317	TU0-5183
b2318	TU0-5182
b2318	TU0-5183
b2319	TU0-5182
b2319	TU0-5183
b2320	TU0-5182
b2321	TU0-5184
b2322	TU0-13592
b2323	TU0-1482
b2324	TU0-8823
b2325	TU0-13593
b2326	TU0-13593
b2327	TU0-13593
b2328	TU0-13593
b2329	TU0-13593
b2330	TU0-13593
b2331	TU0-8733
b2332	TU0-13594
b2333	TU0-13594
b2334	TU0-13594
b2335	TU0-13594
b2336	TU0-13594
b2339	TU0-13595
b2340	TU0-3481
b2340	TU0-45192
b2341	TU0-5321
b2342	TU0-5321
b2343	TU0-13597
b2344	TU00080
b2345	TU0-13598
b2346	TU0-8537
b2347	TU0-13599
b2348	TU00500
b2349	TU0-13600
b2350	TU0-13601
b2351	TU0-13601
b2352	TU0-13601
b2354	TU0-13603
b2356	TU0-13603
b2357	TU0-13603
b2358	TU0-13603
b2359	TU0-13604
b2360	TU0-13604
b2361	TU0-13605
b2362	TU0-13605
b2363	TU0-13605
b2364	TU00149
b2365	TU00148
b2366	TU00148
b2366	TU00375
b2367	TU0-3101
b2368	TU0-3101
b2369	TU0-7541
b2369	TU0-7561
b2370	TU0-7541
b2370	TU0-7561
b2371	TU0-13608
b2371	TU0-7746
b2372	TU0-13609
b2372	TU0-7746
b2373	TU0-13610
b2373	TU0-7746
b2374	TU0-7745
b2374	TU0-7746
b2375	TU0-7746
b2376	TU0-8650
b2377	TU0-8734
b2378	TU0-3421
b2379	TU0-13612
b2380	TU0-13613
b2381	TU0-13613
b2382	TU0-13613
b2383	TU0-13614
b2384	TU0-13614
b2385	TU0-13614
b2386	TU0-13614
b2387	TU0-13614
b2388	TU0-14640
b2388	TU0-45170
b2388	TU0-45250
b2388	TU0-7421
b2389	TU0-13615
b2390	TU0-13616
b2392	TU0-7321
b2393	TU00147
b2394	TU0-13617
b2395	TU0-13618
b2396	TU00514
b2397	TU00514
b2398	TU0-42504
b2399	TU0-42504
b2400	TU0-6409
b2400	TU0-6550
b2400	TU0-6551
b2401	TU00495
b2402	TU00495
b2403	TU00495
b2404	TU00495
b2405	TU791
b2405	TU792
b2406	TU0-44210
b2406	TU0-44211
b2406	TU0-44212
b2406	TU0-45226
b2406	TU301
b2407	TU0-45226
b2407	TU301
b2408	TU0-8736
b2409	TU0-8737
b2410	TU0-8735
b2411	TU0-13620
b2412	TU0-13621
b2413	TU0-13622
b2414	TU0-14642
b2414	TU00079
b2415	TU0-45232
b2415	TU00479
b2415	TU00480
b2415	TU00481
b2415	TU00482
b2415	TU00483
b2416	TU0-45232
b2416	TU00479
b2416	TU00480
b2416	TU00481
b2416	TU00482
b2416	TU00483
b2417	TU0-45232
b2417	TU0-4782
b2417	TU0-4786
b2417	TU00479
b2417	TU00480
b2417	TU00481
b2417	TU00482
b2417	TU00483
b2418	TU0-8487
b2419	TU-8383
b2420	TU-8383
b2421	TU00144
b2422	TU00144
b2423	TU00144
b2424	TU00144
b2425	TU00144
b2426	TU0-13623
b2426	TU0-14643
b2427	TU0-13624
b2427	TU0-45167
b2428	TU0-13625
b2428	TU0-14714
b2428	TU0-14715
b2428	TU0-45211
b2429	TU0-13625
b2429	TU0-14714
b2429	TU0-14715
b2429	TU0-45211
b2430	TU0-13625
b2431	TU0-3484
b2432	TU0-3484
b2433	TU0-13626
b2434	TU0-13626
b2435	TU0-2741
b2436	TU0-2741
b2436	TU0-2742
b2436	TU0-45288
b2436	TU0-45289
b2437	TU0-13627
b2438	TU0-13627
b2439	TU0-13627
b2440	TU0-13627
b2441	TU0-13627
b2442	TU0-13628
b2443	TU0-13629
b2444	TU0-13630
b2445	TU0-13630
b2446	TU0-42449
b2447	TU0-42449
b2448	TU0-13632
b2449	TU0-13632
b2450	TU0-13633
b2451	TU0-13634
b2452	TU0-13634
b2453	TU0-13635
b2454	TU0-13635
b2455	TU0-13635
b2456	TU0-13635
b2457	TU0-13636
b2458	TU0-13636
b2459	TU0-13636
b2460	TU0-13636
b2461	TU0-13636
b2462	TU0-13636
b2463	TU0-13637
b2464	TU0-14644
b2464	TU0-6921
b2464	TU0-8143
b2465	TU0-6921
b2465	TU0-7342
b2465	TU0-8143
b2466	TU0-13638
b2467	TU0-13639
b2468	TU0-13640
b2469	TU0-13641
b2470	TU0-14793
b2470	TU0-8021
b2471	TU0-13642
b2472	TU0-13642
b2472	TU0-14404
b2473	TU0-13643
b2474	TU0-13644
b2475	TU0-13644
b2476	TU00055
b2477	TU0-4161
b2477	TU00256
b2478	TU00256
b2479	TU0-42559
b2479	TU0-6503
b2480	TU0-6483
b2481	TU686
b2482	TU686
b2483	TU686
b2484	TU686
b2485	TU686
b2486	TU686
b2487	TU686
b2488	TU686
b2489	TU686
b2490	TU686
b2491	TU686
b2492	TU686
b2493	TU0-8739
b2494	TU-8384
b2494	TU0-14645
b2495	TU-8384
b2495	TU0-14645
b2496	TU0-13646
b2497	TU00439
b2498	TU00439
b2499	TU00058
b2500	TU00058
b2501	TU0-42452
b2501	TU00323
b2502	TU0-42452
b2502	TU00323
b2503	TU0-8738
b2504	TU0-13647
b2505	TU0-13648
b2506	TU0-13648
b2507	TU00205
b2508	TU00205
b2509	TU491
b2510	TU0-13649
b2511	TU-8385
b2512	TU-8385
b2513	TU0-14646
b2513	TU0-14647
b2513	TU0-14648
b2514	TU0-6506
b2515	TU0-14336
b2516	TU0-14347
b2517	TU0-13650
b2518	TU0-13651
b2519	TU0-13652
b2520	TU0-13652
b2521	TU0-8526
b2522	TU0-13655
b2523	TU0-13656
b2524	TU00423
b2525	TU00423
b2526	TU00423
b2527	TU00423
b2528	TU0-1881
b2529	TU0-1881
b2530	TU0-1881
b2531	TU0-1881
b2532	TU0-13657
b2533	TU0-13658
b2534	TU0-13659
b2535	TU0-3982
b2535	TU0-45197
b2536	TU0-13660
b2537	TU0-7201
b2538	TU0-7202
b2539	TU0-7202
b2540	TU0-7202
b2541	TU0-7202
b2542	TU0-7202
b2543	TU0-13661
b2544	TU0-13662
b2545	TU0-13662
b2546	TU0-13663
b2547	TU0-13663
b2548	TU0-13663
b2549	TU0-13664
b2550	TU0-8651
b2551	TU00192
b2552	TU681
b2553	TU0-36399
b2553	TU00089
b2553	TU00473
b2553	TU00474
b2554	TU0-14321
b2554	TU0-36399
b2555	TU0-14320
b2556	TU0-4405
b2557	TU00057
b2558	TU0-8335
b2559	TU0-13667
b2560	TU0-13667
b2561	TU0-13668
b2562	TU0-13669
b2563	TU483
b2563	TU484
b2564	TU483
b2564	TU484
b2565	TU483
b2566	TU00332
b2566	TU483
b2567	TU00332
b2567	TU483
b2568	TU0-6942
b2569	TU0-6942
b2570	TU0-42636
b2570	TU0-42638
b2570	TU0-42640
b2570	TU0-42642
b2570	TU0-45278
b2570	TU0-45282
b2570	TU00342
b2570	TU00526
b2570	TU281
b2571	TU0-42636
b2571	TU0-42638
b2571	TU0-42640
b2571	TU0-42642
b2571	TU0-45278
b2571	TU0-45282
b2571	TU00342
b2571	TU00526
b2571	TU281
b2572	TU0-42636
b2572	TU0-42638
b2572	TU0-42640
b2572	TU0-42642
b2572	TU0-45278
b2572	TU0-45282
b2572	TU00342
b2572	TU00526
b2572	TU281
b2573	TU0-42636
b2573	TU0-42638
b2573	TU0-42640
b2573	TU0-42642
b2573	TU0-45278
b2573	TU0-45282
b2573	TU00342
b2573	TU281
b2574	TU00194
b2575	TU0-8740
b2576	TU0-8521
b2577	TU0-8741
b2578	TU0-8743
b2579	TU0-1143
b2579	TU0-42577
b2580	TU0-6515
b2581	TU0-8742
b2582	TU0-3104
b2583	TU0-13671
b2584	TU0-13671
b2584	TU0-42472
b2585	TU0-13672
b2586	TU0-13673
b2587	TU0-13674
b2588	TU0-1187
b2588	TU0-1188
b2588	TU0-14510
b2588	TU0-45198
b2589	TU0-1187
b2589	TU0-1188
b2589	TU0-45198
b2590	TU0-1187
b2590	TU0-1188
b2590	TU0-45198
b2591	TU0-1187
b2591	TU0-1188
b2591	TU0-45198
b2592	TU0-45212
b2592	TU00421
b2593	TU0-13675
b2594	TU0-13675
b2595	TU-8391
b2595	TU0-4221
b2597	TU0-13677
b2598	TU0-6653
b2599	TU0-6653
b2600	TU00008
b2601	TU00008
b2602	TU0-13678
b2603	TU0-13679
b2603	TU0-14765
b2604	TU0-13679
b2604	TU0-14765
b2605	TU0-13679
b2606	TU00351
b2607	TU00351
b2608	TU00351
b2609	TU00351
b2610	TU0-13680
b2611	TU0-13681
b2612	TU0-13682
b2614	TU00411
b2615	TU0-13683
b2616	TU0-2
b2617	TU0-3423
b2618	TU0-13685
b2619	TU0-13685
b2620	TU0-13686
b2621	TU0-42503
b2622	TU0-13688
b2623	TU0-8744
b2624	TU0-13689
b2625	TU0-13690
b2626	TU0-13691
b2627	TU0-13692
b2628	TU0-13692
b2629	TU0-13693
b2630	TU0-14327
b2630	TU0-14484
b2631	TU-8431
b2631	TU0-14327
b2631	TU0-14812
b2632	TU0-13694
b2633	TU0-13694
b2634	TU0-13695
b2635	TU0-13695
b2636	TU0-13695
b2637	TU0-13695
b2638	TU0-13696
b2642	TU0-13698
b2643	TU0-13699
b2644	TU0-13699
b2645	TU0-13699
b2646	TU0-13699
b2647	TU0-13700
b2649	TU0-13702
b2650	TU0-13703
b2652	TU0-13704
b2659	TU0-4001
b2660	TU0-4001
b2661	TU0-1921
b2661	TU0-4001
b2661	TU0-45238
b2661	TU0-4823
b2662	TU0-1921
b2662	TU0-4001
b2662	TU0-45238
b2662	TU0-4823
b2663	TU0-1921
b2663	TU0-4001
b2663	TU0-45238
b2663	TU0-4823
b2664	TU0-14294
b2665	TU0-13708
b2665	TU0-42608
b2666	TU0-13709
b2666	TU0-42608
b2667	TU0-13710
b2668	TU0-13710
b2669	TU00393
b2669	TU00394
b2669	TU00395
b2670	TU0-8745
b2671	TU0-3403
b2672	TU0-13711
b2673	TU0-1022
b2674	TU0-1022
b2675	TU0-1022
b2676	TU0-1022
b2677	TU0-45207
b2677	TU701
b2677	TU702
b2677	TU704
b2678	TU0-45207
b2678	TU701
b2678	TU702
b2678	TU704
b2679	TU0-45207
b2679	TU701
b2679	TU702
b2679	TU704
b2682	TU0-13713
b2683	TU0-13713
b2684	TU00459
b2685	TU00459
b2686	TU00459
b2687	TU0-36414
b2687	TU0-8849
b2688	TU0-13714
b2689	TU0-13715
b2690	TU0-13715
b2691	TU0-14512
b2691	TU00515
b2692	TU00515
b2693	TU00515
b2694	TU00515
b2695	TU00515
b2696	TU0-13716
b2696	TU0-42456
b2696	TU0-42457
b2696	TU0-42458
b2696	TU0-42459
b2696	TU0-45221
b2697	TU0-6441
b2698	TU0-4525
b2699	TU0-4525
b2699	TU00062
b2700	TU0-13718
b2701	TU0-13719
b2702	TU00133
b2703	TU00133
b2704	TU00133
b2705	TU00133
b2706	TU00133
b2707	TU0-7042
b2707	TU00133
b2708	TU00133
b2709	TU0-14258
b2709	TU0-8816
b2710	TU0-4441
b2711	TU0-4441
b2712	TU0-14405
b2712	TU0-14406
b2712	TU0-14407
b2712	TU424
b2713	TU424
b2714	TU00242
b2715	TU00241
b2716	TU0-42599
b2716	TU00241
b2717	TU00153
b2718	TU00153
b2719	TU00153
b2720	TU00153
b2721	TU00153
b2722	TU00153
b2723	TU00153
b2724	TU00153
b2725	TU00153
b2726	TU0-8344
b2726	TU00154
b2727	TU0-8344
b2727	TU0-8345
b2727	TU00154
b2727	TU00424
b2728	TU0-8344
b2728	TU0-8345
b2728	TU00154
b2728	TU00424
b2729	TU0-8344
b2729	TU0-8345
b2729	TU00154
b2729	TU00424
b2730	TU0-8344
b2730	TU0-8345
b2730	TU00154
b2730	TU00424
b2731	TU0-8344
b2731	TU0-8345
b2732	TU-8443
b2733	TU723
b2734	TU0-13720
b2735	TU0-8746
b2736	TU0-13721
b2737	TU0-13721
b2737	TU0-14275
b2738	TU0-13722
b2739	TU0-13722
b2740	TU0-13723
b2741	TU0-14649
b2741	TU0-14650
b2741	TU0-14651
b2741	TU0-14652
b2741	TU00309
b2741	TU00440
b2741	TU00442
b2742	TU00309
b2742	TU00440
b2743	TU00363
b2744	TU00363
b2745	TU0-14314
b2746	TU0-14313
b2747	TU0-14313
b2748	TU0-14312
b2749	TU0-13724
b2750	TU00146
b2751	TU00146
b2752	TU00146
b2753	TU0-8811
b2754	TU0-13725
b2754	TU0-14469
b2754	TU0-14558
b2755	TU0-13725
b2755	TU0-14558
b2756	TU0-13725
b2756	TU0-14558
b2757	TU0-13725
b2757	TU0-14558
b2758	TU0-13725
b2759	TU0-13725
b2760	TU0-13725
b2761	TU0-13726
b2762	TU0-14511
b2762	TU00078
b2763	TU00078
b2764	TU00078
b2765	TU0-13727
b2766	TU0-13728
b2767	TU0-13728
b2768	TU0-13728
b2769	TU0-13729
b2770	TU0-13729
b2771	TU0-13730
b2772	TU0-13731
b2774	TU0-13732
b2775	TU0-13733
b2776	TU0-13733
b2777	TU0-8339
b2778	TU0-8338
b2779	TU0-14412
b2779	TU0-14413
b2779	TU0-14414
b2779	TU0-14653
b2779	TU0-14654
b2779	TU0-14820
b2779	TU0-14821
b2779	TU0-45189
b2779	TU0-45270
b2779	TU0-6428
b2779	TU0-6557
b2780	TU0-14654
b2780	TU0-6428
b2780	TU0-6557
b2781	TU522
b2781	TU523
b2782	TU0-14269
b2782	TU521
b2782	TU522
b2782	TU523
b2783	TU0-14269
b2783	TU521
b2783	TU522
b2783	TU523
b2784	TU0-14269
b2784	TU0-42589
b2784	TU0-42590
b2784	TU521
b2785	TU0-13735
b2786	TU0-8337
b2787	TU0-4462
b2788	TU0-4462
b2789	TU0-4462
b2790	TU0-13736
b2791	TU0-13736
b2792	TU0-13736
b2793	TU0-13737
b2794	TU0-13738
b2795	TU0-13739
b2796	TU00454
b2797	TU00454
b2798	TU0-13740
b2799	TU0-42697
b2799	TU00135
b2800	TU00135
b2801	TU00128
b2802	TU00128
b2803	TU00128
b2804	TU0-42698
b2804	TU00128
b2805	TU0-14502
b2805	TU00128
b2806	TU0-14306
b2807	TU0-14307
b2808	TU00171
b2809	TU0-8747
b2810	TU0-13741
b2811	TU0-13741
b2812	TU0-13742
b2813	TU0-13743
b2814	TU00496
b2815	TU00496
b2816	TU00496
b2817	TU0-8767
b2818	TU0-8472
b2819	TU0-13744
b2820	TU0-13744
b2821	TU0-13744
b2821	TU0-6683
b2822	TU-8388
b2822	TU0-13745
b2823	TU0-13745
b2824	TU0-13745
b2825	TU0-13745
b2826	TU0-13745
b2827	TU0-42616
b2827	TU00295
b2828	TU0-42614
b2828	TU00295
b2829	TU0-13746
b2830	TU0-13746
b2831	TU0-13747
b2832	TU0-13748
b2833	TU0-13749
b2834	TU0-13750
b2835	TU0-13751
b2836	TU0-13751
b2837	TU0-881
b2838	TU00185
b2839	TU00186
b2840	TU0-13754
b2840	TU0-42571
b2841	TU0-42571
b2841	TU00076
b2842	TU0-13755
b2843	TU0-13756
b2844	TU0-13757
b2845	TU0-13758
b2846	TU0-13759
b2847	TU0-13760
b2848	TU0-13760
b2849	TU0-8652
b2851	TU0-13762
b2852	TU0-13763
b2853	TU0-13764
b2860	TU0-13767
b2861	TU0-13767
b2863	TU0-13769
b2864	TU0-13770
b2864	TU00516
b2865	TU0-13771
b2866	TU0-14792
b2866	TU0-3145
b2867	TU0-14792
b2867	TU0-3145
b2868	TU0-14792
b2868	TU0-3145
b2869	TU0-8748
b2870	TU0-13773
b2871	TU0-13774
b2872	TU0-13775
b2873	TU0-13776
b2874	TU0-13777
b2875	TU0-13778
b2876	TU0-13779
b2877	TU0-13780
b2878	TU0-13781
b2879	TU0-13781
b2879	TU0-42558
b2880	TU0-13782
b2881	TU0-13782
b2882	TU0-13783
b2883	TU0-13783
b2885	TU0-13783
b2886	TU0-13784
b2887	TU0-13784
b2888	TU0-13785
b2889	TU0-13786
b2890	TU00324
b2891	TU-8392
b2891	TU00324
b2892	TU-8392
b2892	TU0-14489
b2892	TU0-45199
b2893	TU-8392
b2893	TU0-14489
b2893	TU0-4141
b2893	TU0-45199
b2894	TU0-13787
b2894	TU0-14489
b2894	TU0-45199
b2895	TU0-3202
b2896	TU0-13788
b2897	TU0-13788
b2898	TU0-8749
b2899	TU0-13789
b2900	TU0-13790
b2901	TU-8439
b2902	TU0-13791
b2903	TU0-14509
b2903	TU00170
b2904	TU00170
b2905	TU00170
b2906	TU0-13792
b2907	TU0-13792
b2908	TU0-13792
b2909	TU0-13792
b2910	TU0-13793
b2911	TU0-13794
b2911	TU0-14689
b2911	TU0-36423
b2911	TU0-36424
b2911	TU0-45172
b2911	TU0-45173
b2912	TU0-13794
b2912	TU0-14689
b2912	TU0-45173
b2913	TU0-2342
b2913	TU00224
b2914	TU0-7341
b2916	TU0-1341
b2917	TU0-8343
b2918	TU0-8343
b2919	TU0-8343
b2920	TU0-8343
b2921	TU0-13798
b2922	TU0-8202
b2922	TU0-8203
b2923	TU0-13799
b2924	TU0-13800
b2925	TU0-14816
b2925	TU0-14818
b2925	TU0-45273
b2925	TU0-8081
b2925	TU0-8082
b2926	TU0-14814
b2926	TU0-14816
b2926	TU0-14817
b2926	TU0-14818
b2926	TU0-45273
b2926	TU0-45274
b2926	TU0-8081
b2926	TU0-8082
b2926	TU0-8083
b2926	TU00443
b2927	TU0-45273
b2927	TU0-45274
b2927	TU0-8082
b2927	TU00443
b2928	TU0-13801
b2928	TU0-14493
b2929	TU0-13801
b2929	TU0-14493
b2930	TU0-13801
b2931	TU0-13801
b2933	TU0-13801
b2934	TU0-13801
b2935	TU0-13802
b2936	TU0-14235
b2937	TU0-6625
b2937	TU00204
b2938	TU00204
b2939	TU0-14326
b2940	TU0-8653
b2941	TU0-8654
b2942	TU0-1783
b2942	TU0-45188
b2943	TU0-7081
b2944	TU0-13804
b2945	TU00452
b2945	TU00453
b2946	TU0-13805
b2947	TU0-13805
b2948	TU0-13806
b2949	TU0-13806
b2950	TU0-8750
b2951	TU0-13807
b2952	TU0-13807
b2953	TU0-13807
b2954	TU0-13807
b2954	TU0-14491
b2955	TU0-13807
b2955	TU0-14491
b2956	TU0-13808
b2957	TU0-6569
b2957	TU00075
b2958	TU0-4
b2958	TU0-4189
b2958	TU0-4191
b2959	TU0-13809
b2960	TU0-13809
b2961	TU0-5561
b2961	TU0-5562
b2961	TU0-5567
b2961	TU0-5568
b2961	TU0-5781
b2961	TU0-5782
b2962	TU0-5561
b2962	TU0-5562
b2962	TU0-5564
b2962	TU0-5567
b2962	TU0-5568
b2962	TU0-5569
b2962	TU0-5581
b2962	TU0-5781
b2962	TU0-5782
b2963	TU0-5561
b2963	TU0-5562
b2963	TU0-5564
b2963	TU0-5568
b2963	TU0-5581
b2963	TU0-5782
b2964	TU0-5561
b2964	TU0-5562
b2964	TU0-5564
b2964	TU00129
b2965	TU00124
b2966	TU0-13810
b2967	TU00501
b2968	TU0-13811
b2969	TU0-13811
b2970	TU0-4242
b2971	TU0-13813
b2972	TU0-13814
b2974	TU0-13815
b2975	TU0-14536
b2975	TU0-1962
b2976	TU0-14536
b2976	TU0-1962
b2977	TU0-1962
b2978	TU0-1962
b2978	TU0-1962
b2979	TU0-1962
b2980	TU0-1963
b2981	TU0-14233
b2982	TU0-8836
b2983	TU0-13816
b2984	TU0-13817
b2985	TU0-13817
b2986	TU0-8752
b2987	TU0-13818
b2988	TU0-13819
b2989	TU0-8753
b2990	TU00289
b2991	TU00289
b2992	TU00289
b2993	TU00289
b2994	TU00289
b2995	TU00289
b2996	TU00289
b2997	TU00289
b2998	TU0-13820
b3001	TU0-8754
b3002	TU0-8656
b3003	TU0-14232
b3005	TU0-2562
b3005	TU00265
b3006	TU00265
b3008	TU00191
b3009	TU0-13822
b3010	TU0-8657
b3011	TU0-13823
b3012	TU0-13823
b3012	TU0-13824
b3013	TU0-13825
b3014	TU0-13826
b3016	TU0-13827
b3017	TU0-13828
b3018	TU0-13829
b3019	TU0-13830
b3020	TU0-13831
b3021	TU0-13832
b3021	TU0-14791
b3021	TU0-45150
b3021	TU0-45153
b3022	TU0-13832
b3022	TU0-14791
b3023	TU0-13833
b3024	TU0-13834
b3025	TU-8387
b3025	TU-8394
b3026	TU-8387
b3026	TU-8394
b3027	TU0-8758
b3028	TU0-13835
b3029	TU0-13836
b3030	TU0-13837
b3031	TU0-13837
b3032	TU0-13837
b3033	TU0-13837
b3034	TU0-13837
b3035	TU0-13838
b3035	TU0-14701
b3035	TU0-14702
b3035	TU0-14704
b3037	TU0-13838
b3037	TU0-14701
b3037	TU0-14702
b3037	TU0-14704
b3038	TU0-13838
b3038	TU0-14701
b3038	TU0-14702
b3038	TU0-14704
b3039	TU0-8755
b3040	TU0-8666
b3041	TU0-13839
b3042	TU0-13841
b3043	TU0-13842
b3044	TU0-13843
b3045	TU0-13843
b3047	TU0-13843
b3048	TU0-13843
b3049	TU00279
b3049	TU00420
b3050	TU0-13844
b3051	TU0-13844
b3052	TU0-13846
b3053	TU0-13847
b3054	TU0-13847
b3055	TU-8393
b3055	TU0-4192
b3056	TU-8393
b3057	TU0-3425
b3058	TU0-13848
b3059	TU0-8756
b3060	TU0-8757
b3061	TU00368
b3062	TU00368
b3063	TU00368
b3064	TU0-8571
b3065	TU00352
b3065	TU00434
b3065	TU00435
b3065	TU00472
b3066	TU00352
b3066	TU00434
b3066	TU00435
b3067	TU0-14460
b3067	TU00352
b3067	TU00434
b3067	TU00435
b3067	TU00436
b3067	TU00437
b3067	TU00438
b3068	TU0-8820
b3069	TU00502
b3070	TU0-8327
b3071	TU0-8658
b3072	TU0-1546
b3073	TU0-3341
b3073	TU0-45258
b3074	TU0-8572
b3075	TU0-13850
b3076	TU00127
b3077	TU00127
b3078	TU0-13851
b3079	TU0-13852
b3080	TU0-13852
b3081	TU0-13853
b3082	TU0-13854
b3083	TU0-13854
b3084	TU0-13855
b3085	TU0-13856
b3086	TU0-13857
b3087	TU0-13858
b3088	TU0-13859
b3089	TU0-13860
b3090	TU0-13861
b3091	TU0-14746
b3091	TU0-5021
b3092	TU0-14746
b3092	TU0-5021
b3093	TU0-14749
b3093	TU00150
b3094	TU0-42612
b3095	TU0-14286
b3095	TU0-4205
b3096	TU0-14286
b3096	TU0-4205
b3097	TU0-13863
b3098	TU0-13863
b3099	TU0-13863
b3100	TU0-13863
b3101	TU0-13864
b3102	TU0-13865
b3103	TU0-13866
b3104	TU0-13867
b3105	TU0-8573
b3106	TU0-13868
b3107	TU0-13868
b3109	TU0-13869
b3110	TU0-13869
b3111	TU0-14551
b3111	TU00125
b3113	TU0-14551
b3113	TU00125
b3114	TU0-14551
b3114	TU00125
b3115	TU0-14551
b3115	TU00125
b3116	TU0-14551
b3116	TU00125
b3117	TU0-14551
b3117	TU00125
b3118	TU00125
b3119	TU0-13870
b3120	TU0-13871
b3121	TU0-13871
b3123	TU482
b3123	TU543
b3124	TU482
b3125	TU0-42699
b3125	TU482
b3126	TU482
b3127	TU482
b3128	TU0-4461
b3129	TU0-13872
b3130	TU0-13872
b3131	TU0-6582
b3132	TU0-6581
b3133	TU0-6581
b3134	TU0-6581
b3136	TU0-6583
b3137	TU0-6583
b3138	TU0-6583
b3139	TU0-6583
b3140	TU0-6583
b3141	TU0-6583
b3142	TU0-13873
b3143	TU0-13874
b3144	TU0-13874
b3145	TU0-13874
b3146	TU0-8659
b3147	TU0-14341
b3148	TU0-14342
b3149	TU0-14343
b3150	TU-8396
b3150	TU0-6361
b3151	TU0-13875
b3152	TU0-13876
b3153	TU0-8574
b3154	TU0-8575
b3155	TU0-8576
b3156	TU0-13877
b3156	TU0-14656
b3157	TU0-13877
b3157	TU0-14656
b3158	TU0-13878
b3159	TU0-13878
b3160	TU0-13879
b3161	TU0-14288
b3161	TU00093
b3162	TU0-13880
b3162	TU0-14763
b3162	TU0-45160
b3163	TU0-13881
b3164	TU0-6223
b3164	TU0-6654
b3164	TU0-6660
b3164	TU341
b3165	TU0-6223
b3165	TU0-6660
b3165	TU0-8474
b3165	TU341
b3166	TU0-6223
b3166	TU341
b3167	TU0-6223
b3167	TU341
b3168	TU0-44225
b3168	TU0-44226
b3168	TU0-6223
b3168	TU00311
b3168	TU00517
b3168	TU341
b3169	TU0-44226
b3169	TU0-6223
b3169	TU00311
b3169	TU00517
b3169	TU341
b3170	TU0-6223
b3170	TU00311
b3170	TU00517
b3170	TU341
b3171	TU0-6223
b3171	TU0-8476
b3171	TU00517
b3171	TU341
b3171	TU343
b3172	TU0-5501
b3173	TU0-13882
b3174	TU0-14573
b3174	TU0-14574
b3174	TU00518
b3175	TU0-14328
b3175	TU0-14573
b3175	TU0-14574
b3176	TU0-13883
b3177	TU0-13883
b3178	TU00277
b3178	TU00414
b3179	TU00277
b3179	TU00414
b3180	TU0-8577
b3181	TU-8397
b3181	TU0-14794
b3182	TU0-8781
b3183	TU0-13884
b3183	TU0-42628
b3184	TU0-13884
b3184	TU0-42628
b3185	TU0-42628
b3185	TU00338
b3186	TU0-42628
b3186	TU00338
b3187	TU0-13885
b3188	TU0-13886
b3189	TU0-13887
b3189	TU0-42495
b3190	TU0-13888
b3190	TU0-42495
b3191	TU0-13889
b3191	TU0-42672
b3191	TU0-42674
b3192	TU0-13889
b3192	TU0-42672
b3192	TU0-42674
b3193	TU0-13889
b3193	TU0-42672
b3193	TU0-42674
b3194	TU0-13889
b3194	TU0-42672
b3194	TU0-42674
b3195	TU0-13889
b3195	TU0-42672
b3195	TU0-42674
b3196	TU0-14290
b3196	TU0-36430
b3197	TU0-14290
b3197	TU0-36430
b3198	TU0-14291
b3198	TU0-36430
b3198	TU0-36431
b3198	TU0-36432
b3199	TU0-14291
b3199	TU0-36430
b3199	TU0-36431
b3199	TU0-36432
b3200	TU0-14291
b3200	TU0-14292
b3200	TU0-36430
b3200	TU0-36431
b3200	TU0-36432
b3200	TU0-36433
b3201	TU-8398
b3201	TU0-14291
b3201	TU0-14292
b3201	TU0-36430
b3201	TU0-36431
b3201	TU0-36432
b3201	TU0-36433
b3202	TU-8398
b3202	TU00487
b3203	TU-8398
b3203	TU00487
b3204	TU-8398
b3204	TU00487
b3205	TU-8398
b3205	TU00487
b3206	TU00487
b3207	TU0-7781
b3208	TU0-13890
b3210	TU0-5621
b3211	TU0-13891
b3212	TU0-45182
b3212	TU00182
b3213	TU0-45182
b3213	TU00182
b3214	TU0-45146
b3214	TU0-45182
b3214	TU00182
b3215	TU0-13892
b3216	TU0-13892
b3218	TU0-8832
b3219	TU0-13893
b3220	TU0-13894
b3221	TU0-1601
b3222	TU0-1601
b3223	TU0-1601
b3224	TU0-1601
b3225	TU0-1601
b3225	TU0-42543
b3226	TU0-13895
b3227	TU0-1902
b3227	TU0-8761
b3228	TU00361
b3229	TU00361
b3230	TU0-42202
b3230	TU00336
b3231	TU00336
b3232	TU0-13896
b3233	TU0-13897
b3234	TU0-13898
b3234	TU0-42560
b3235	TU0-13898
b3235	TU0-42561
b3236	TU0-14745
b3236	TU00108
b3237	TU0-3501
b3237	TU00007
b3238	TU0-13899
b3239	TU0-13900
b3240	TU0-13901
b3241	TU0-13901
b3242	TU0-13901
b3243	TU0-8759
b3244	TU0-13902
b3246	TU0-13903
b3247	NA
b3248	NA
b3249	TU0-14386
b3249	TU0-14387
b3249	TU0-14532
b3249	TU00304
b3250	TU0-14386
b3250	TU0-14387
b3250	TU0-14532
b3250	TU00304
b3251	TU0-14386
b3251	TU0-14387
b3251	TU0-14388
b3251	TU0-14389
b3251	TU0-14390
b3251	TU00304
b3252	TU0-13904
b3253	TU0-8578
b3255	TU0-42603
b3255	TU00231
b3256	TU0-42603
b3256	TU00231
b3257	TU00314
b3258	TU00314
b3259	TU00314
b3260	TU00021
b3261	TU00021
b3262	TU0-13905
b3263	TU0-13906
b3264	TU0-8792
b3265	TU00234
b3266	TU00234
b3267	TU0-13907
b3269	TU0-3622
b3270	TU0-3622
b3271	TU0-3622
b3272	TU0-1191
b3272	TU0-1192
b3272	TU0-45227
b3273	TU0-1191
b3273	TU0-1192
b3273	TU0-45227
b3274	TU0-1191
b3274	TU0-1192
b3274	TU0-45227
b3275	TU0-1191
b3275	TU0-1192
b3275	TU0-45227
b3276	TU0-1191
b3276	TU0-1192
b3276	TU0-45227
b3277	TU0-1191
b3277	TU0-1192
b3277	TU0-45227
b3278	TU0-1191
b3278	TU0-1192
b3278	TU0-45227
b3279	TU0-8660
b3280	TU0-7281
b3281	TU0-7281
b3282	TU0-7281
b3283	TU0-7281
b3284	TU0-14274
b3286	TU0-7282
b3287	TU00258
b3288	TU00258
b3289	TU0-14355
b3290	TU0-13908
b3291	TU0-13909
b3292	TU0-13911
b3293	TU0-13911
b3294	TU0-14658
b3294	TU00349
b3295	TU0-14658
b3295	TU00349
b3296	TU0-14658
b3296	TU00349
b3297	TU0-14658
b3297	TU00349
b3298	TU0-14658
b3298	TU00349
b3299	TU00337
b3300	TU00337
b3301	TU00337
b3302	TU00337
b3303	TU00337
b3304	TU00337
b3305	TU00337
b3306	TU00337
b3307	TU00337
b3308	TU00337
b3309	TU00337
b3310	TU00337
b3311	TU00347
b3312	TU00347
b3313	TU00347
b3314	TU00347
b3315	TU00347
b3316	TU00347
b3317	TU00347
b3318	TU00347
b3319	TU00347
b3320	TU00347
b3321	TU00347
b3322	TU-8433
b3322	TU0-14375
b3322	TU0-14376
b3322	TU0-14377
b3323	TU-8433
b3323	TU0-14375
b3323	TU0-14376
b3323	TU0-14377
b3324	TU0-13913
b3324	TU0-14373
b3324	TU0-14374
b3325	TU0-13913
b3325	TU0-14373
b3325	TU0-14374
b3326	TU0-13913
b3326	TU0-14373
b3326	TU0-14374
b3327	TU0-13913
b3327	TU0-14373
b3327	TU0-14374
b3328	TU0-13913
b3328	TU0-14373
b3328	TU0-14374
b3329	TU0-13913
b3329	TU0-14373
b3329	TU0-14374
b3330	TU0-13913
b3330	TU0-14373
b3330	TU0-14374
b3331	TU0-13913
b3331	TU0-14373
b3331	TU0-14374
b3332	TU0-13913
b3332	TU0-14373
b3332	TU0-14374
b3333	TU0-13913
b3333	TU0-14373
b3333	TU0-14374
b3334	TU0-13913
b3334	TU0-14373
b3334	TU0-14374
b3335	TU0-13913
b3335	TU0-14373
b3335	TU0-14374
b3336	TU0-13914
b3337	TU0-13914
b3338	TU0-3141
b3339	TU0-14519
b3339	TU0-36426
b3339	TU0-5121
b3339	TU00348
b3340	TU0-5121
b3340	TU00348
b3341	TU00348
b3342	TU00348
b3343	TU0-13915
b3343	TU0-14661
b3344	TU0-13915
b3344	TU0-14661
b3345	TU0-13915
b3345	TU0-14661
b3346	TU0-13915
b3346	TU0-14661
b3347	TU0-1063
b3347	TU0-1064
b3348	TU0-8512
b3349	TU0-13917
b3350	TU0-13918
b3351	TU0-13918
b3352	TU0-13919
b3353	TU0-13919
b3354	TU0-13919
b3355	TU0-13920
b3356	TU00478
b3357	TU0-14396
b3357	TU0-14398
b3357	TU00119
b3358	TU0-14308
b3359	TU00111
b3360	TU0-6554
b3360	TU0-6885
b3361	TU0-6885
b3362	TU0-6885
b3363	TU00463
b3363	TU00464
b3363	TU00465
b3363	TU00466
b3364	TU0-13922
b3365	TU00046
b3366	TU00046
b3367	TU00046
b3368	TU0-0
b3368	TU0-6
b3368	TU00046
b3369	TU0-13923
b3370	TU0-8346
b3371	TU0-8346
b3373	TU0-8346
b3374	TU0-8346
b3375	TU0-44199
b3375	TU0-44200
b3375	TU0-8346
b3376	TU0-13924
b3377	TU0-13924
b3378	TU0-13924
b3379	TU0-13924
b3380	TU0-13924
b3381	TU0-13924
b3382	TU0-13925
b3383	TU0-13925
b3384	TU0-8862
b3384	TU872
b3384	TU873
b3384	TU874
b3384	TU875
b3384	TU876
b3384	TU877
b3385	TU872
b3385	TU873
b3385	TU874
b3385	TU875
b3385	TU876
b3385	TU877
b3386	TU872
b3386	TU873
b3386	TU874
b3386	TU875
b3386	TU876
b3386	TU877
b3387	TU872
b3387	TU873
b3387	TU874
b3387	TU875
b3387	TU876
b3388	TU872
b3388	TU873
b3388	TU874
b3389	TU872
b3389	TU873
b3390	TU872
b3390	TU873
b3391	TU0-13926
b3392	TU0-13927
b3393	TU0-13927
b3394	TU0-13927
b3395	TU0-13927
b3396	TU0-8822
b3397	TU0-8815
b3398	TU0-13928
b3399	TU0-13929
b3400	TU0-13929
b3400	TU0-14479
b3401	TU0-13930
b3401	TU0-14479
b3402	TU0-8579
b3403	TU00141
b3404	TU00177
b3404	TU161
b3404	TU162
b3404	TU163
b3405	TU00177
b3405	TU161
b3405	TU162
b3405	TU163
b3406	TU0-13931
b3407	TU0-13932
b3408	TU00269
b3409	TU00269
b3410	TU00269
b3411	TU0-13933
b3412	TU0-8772
b3413	TU0-4981
b3414	TU0-14478
b3414	TU0-4981
b3414	TU0-8481
b3415	TU0-4927
b3415	TU0-4928
b3415	TU00229
b3416	TU-8414
b3416	TU00039
b3417	TU00039
b3418	TU00091
b3420	TU61
b3421	TU61
b3422	TU0-8341
b3423	TU401
b3423	TU402
b3423	TU403
b3423	TU404
b3424	TU401
b3424	TU402
b3425	TU401
b3426	TU00031
b3427	TU0-13934
b3428	TU0-14302
b3428	TU0-36417
b3428	TU00122
b3428	TU00469
b3428	TU00470
b3429	TU0-14302
b3429	TU0-36417
b3429	TU00122
b3429	TU00469
b3429	TU00470
b3430	TU0-14302
b3430	TU00122
b3430	TU00469
b3430	TU00470
b3431	TU0-14302
b3432	TU0-14302
b3433	TU0-13935
b3434	TU0-8580
b3435	TU0-42252
b3435	TU0-4881
b3435	TU00228
b3437	TU0-42512
b3437	TU0-4881
b3437	TU00228
b3438	TU0-4521
b3438	TU0-4522
b3438	TU0-4523
b3438	TU0-4881
b3439	TU0-13936
b3440	TU0-13937
b3441	TU0-7662
b3442	TU0-13940
b3444	TU0-13940
b3445	TU0-13940
b3446	TU0-13941
b3447	TU0-8802
b3448	TU0-8582
b3449	TU0-5981
b3449	TU0-5982
b3450	TU0-5981
b3450	TU0-5982
b3451	TU0-5981
b3451	TU0-5982
b3452	TU0-5981
b3452	TU0-5982
b3453	TU0-5981
b3453	TU0-5982
b3454	TU00184
b3454	TU00457
b3455	TU00184
b3455	TU00457
b3456	TU00184
b3456	TU00457
b3457	TU00184
b3457	TU00457
b3458	TU00184
b3458	TU00457
b3459	TU0-8583
b3460	TU00183
b3461	TU0-45218
b3461	TU00083
b3461	TU00084
b3461	TU00426
b3461	TU00427
b3461	TU221
b3462	TU00278
b3463	TU00278
b3464	TU00278
b3465	TU0-13942
b3466	TU0-13942
b3467	TU0-8584
b3468	TU0-13943
b3469	TU0-4623
b3470	TU0-8510
b3471	TU0-13944
b3472	TU0-13945
b3473	TU0-8585
b3474	TU0-13946
b3475	TU0-13947
b3476	TU0-14783
b3476	TU00308
b3477	TU0-14783
b3477	TU00308
b3478	TU0-14783
b3478	TU00308
b3479	TU0-14783
b3479	TU00308
b3480	TU0-14783
b3480	TU00308
b3481	TU0-14783
b3481	TU00308
b3481	TU685
b3482	TU0-13948
b3483	TU0-13949
b3484	TU0-13951
b3485	TU0-13952
b3486	TU0-13952
b3487	TU0-13952
b3488	TU0-13953
b3491	TU0-8586
b3492	TU0-8587
b3493	TU0-8491
b3494	TU0-1198
b3495	TU00431
b3495	TU00432
b3495	TU00433
b3496	TU0-13956
b3497	TU0-13957
b3498	TU0-13957
b3499	TU0-13958
b3500	TU0-14
b3500	TU0-45208
b3501	TU00239
b3502	TU00239
b3503	TU00239
b3505	TU0-8833
b3506	TU00096
b3507	TU00096
b3508	TU0-13962
b3508	TU0-45242
b3508	TU00282
b3509	TU0-45242
b3509	TU00282
b3510	TU0-45242
b3510	TU00282
b3511	TU0-45279
b3511	TU0-4903
b3512	TU0-14736
b3512	TU0-14742
b3512	TU0-4901
b3512	TU0-5682
b3513	TU0-13964
b3513	TU0-14697
b3513	TU0-14698
b3513	TU0-14742
b3513	TU0-5682
b3514	TU0-13964
b3514	TU0-14697
b3514	TU0-14698
b3514	TU0-14742
b3514	TU0-5682
b3515	TU0-14433
b3515	TU0-14718
b3515	TU0-14719
b3516	TU0-14433
b3516	TU0-2261
b3516	TU0-45268
b3516	TU586
b3517	TU0-45268
b3517	TU586
b3518	TU0-13965
b3519	TU0-8360
b3520	TU0-8588
b3521	TU0-13966
b3522	TU0-13967
b3523	TU0-13968
b3524	TU0-13969
b3525	TU0-1549
b3526	TU0-7301
b3527	TU-8417
b3528	TU0-1461
b3529	TU0-13971
b3530	TU0-8365
b3531	TU0-8354
b3531	TU0-8365
b3532	TU0-8354
b3532	TU0-8365
b3533	TU0-8365
b3535	TU0-14316
b3536	TU0-13972
b3537	TU0-13972
b3538	TU0-13972
b3539	TU0-13974
b3540	TU00262
b3541	TU00262
b3542	TU00262
b3543	TU00262
b3544	TU00262
b3545	TU00519
b3546	TU0-13975
b3546	TU0-45247
b3547	TU0-42492
b3548	TU0-13977
b3549	TU0-13978
b3550	TU0-13978
b3551	TU0-8773
b3552	TU0-13979
b3553	TU0-13980
b3554	TU0-8589
b3555	TU0-8145
b3556	TU0-1581
b3556	TU0-1582
b3557	TU0-14385
b3558	TU0-8262
b3559	TU00281
b3560	TU00281
b3561	TU0-8590
b3562	TU0-13982
b3563	TU0-13983
b3564	TU67
b3565	TU67
b3566	TU00374
b3567	TU00374
b3568	TU00374
b3569	TU00374
b3569	TU68
b3570	TU0-14231
b3571	TU00137
b3572	TU0-13984
b3573	TU0-13985
b3574	TU368
b3575	TU0-14454
b3575	TU592
b3576	TU0-14454
b3576	TU592
b3577	TU0-14454
b3577	TU592
b3578	TU0-14454
b3578	TU592
b3579	TU0-14454
b3579	TU592
b3580	TU0-14454
b3580	TU592
b3581	TU0-14454
b3581	TU592
b3582	TU0-14454
b3582	TU592
b3583	TU0-14454
b3583	TU592
b3584	TU0-8591
b3585	TU0-8592
b3586	TU0-13986
b3587	TU0-13986
b3588	TU00138
b3589	TU0-13987
b3590	TU00355
b3591	TU00355
b3592	TU0-13988
b3593	TU0-13989
b3594	TU0-13989
b3594	TU0-14555
b3596	TU0-13991
b3597	TU0-13992
b3598	TU0-13992
b3599	TU00193
b3600	TU00193
b3601	TU00193
b3602	TU0-13993
b3603	TU164
b3604	TU164
b3605	TU164
b3606	TU0-13994
b3607	TU0-6501
b3608	TU0-13995
b3608	TU0-42596
b3609	TU0-13995
b3609	TU0-42596
b3610	TU0-13996
b3610	TU0-42596
b3611	TU0-13997
b3611	TU0-42596
b3612	TU0-13998
b3612	TU0-42455
b3613	TU0-13998
b3613	TU0-42455
b3614	TU0-13998
b3614	TU0-42455
b3615	TU0-13999
b3615	TU0-42498
b3616	TU00225
b3617	TU00225
b3618	TU0-14000
b3619	TU0-4181
b3619	TU0-4182
b3619	TU0-4183
b3619	TU00329
b3620	TU0-4181
b3620	TU0-4182
b3620	TU0-4183
b3620	TU00329
b3621	TU0-4181
b3621	TU0-4182
b3621	TU0-4183
b3621	TU00329
b3622	TU0-4181
b3622	TU0-4182
b3622	TU0-4183
b3622	TU00329
b3623	TU0-14525
b3623	TU0-7161
b3623	TU0-7162
b3624	TU0-14525
b3624	TU0-14744
b3624	TU0-7161
b3624	TU0-7162
b3625	TU0-14744
b3625	TU0-7161
b3625	TU0-7162
b3626	TU0-7161
b3626	TU0-7162
b3627	TU0-7161
b3627	TU0-7162
b3628	TU0-7161
b3628	TU0-7162
b3629	TU0-7161
b3629	TU0-7162
b3630	TU0-7161
b3630	TU0-7162
b3631	TU0-7161
b3631	TU0-7162
b3632	TU0-7161
b3632	TU0-7162
b3633	TU0-7163
b3633	TU0-7164
b3633	TU00293
b3634	TU00293
b3635	TU0-5522
b3635	TU0-5523
b3635	TU0-5543
b3635	TU0-8355
b3636	TU0-5522
b3636	TU0-5543
b3636	TU0-5601
b3636	TU00339
b3637	TU0-5522
b3637	TU0-5543
b3637	TU0-5601
b3637	TU00339
b3638	TU0-5522
b3638	TU0-5601
b3639	TU0-14356
b3640	TU0-8321
b3641	TU0-8321
b3642	TU00334
b3643	TU0-14696
b3643	TU00334
b3644	TU0-14001
b3645	TU0-14002
b3646	TU0-14003
b3647	TU0-8847
b3648	TU0-14004
b3649	TU00344
b3650	TU00344
b3651	TU00344
b3652	TU0-42470
b3652	TU00344
b3653	TU0-8804
b3654	TU0-14005
b3655	TU0-14006
b3656	TU-8434
b3657	TU-8434
b3658	TU0-14007
b3659	TU0-14008
b3660	TU0-14009
b3661	TU0-8817
b3662	TU0-14010
b3663	TU0-14011
b3664	TU0-14012
b3665	TU0-8765
b3666	TU00130
b3667	TU0-14764
b3667	TU00371
b3668	TU0-14764
b3668	TU0-44221
b3668	TU00371
b3669	TU0-14764
b3669	TU00371
b3670	TU0-14764
b3670	TU00032
b3671	TU0-14764
b3671	TU00032
b3672	TU0-14764
b3672	TU0-42513
b3672	TU00032
b3673	TU0-14013
b3674	TU0-14014
b3675	TU0-14014
b3676	TU0-14014
b3677	TU0-8595
b3678	TU0-14015
b3679	TU0-14015
b3680	TU0-8596
b3682	TU0-14016
b3683	TU0-14016
b3684	TU0-8597
b3685	TU0-14017
b3686	TU0-5001
b3686	TU00407
b3687	TU00407
b3688	TU0-6003
b3689	TU0-8598
b3690	TU0-42468
b3690	TU0-8599
b3691	TU0-14018
b3692	TU0-14018
b3692	TU0-14018
b3693	TU0-14018
b3695	TU0-14018
b3696	TU0-8600
b3697	TU0-14019
b3698	TU0-14020
b3699	TU0-2603
b3699	TU0-45206
b3700	TU0-1193
b3700	TU0-1194
b3700	TU0-1195
b3700	TU0-1196
b3700	TU0-3301
b3700	TU0-3302
b3700	TU0-45187
b3700	TU0-45196
b3700	TU0-45267
b3700	TU00259
b3700	TU593
b3701	TU0-1193
b3701	TU0-1194
b3701	TU0-1195
b3701	TU0-1196
b3701	TU0-45187
b3701	TU0-45196
b3701	TU0-45267
b3701	TU00259
b3701	TU593
b3702	TU00259
b3702	TU593
b3703	TU00340
b3703	TU682
b3703	TU743
b3704	TU00340
b3704	TU682
b3704	TU743
b3705	NA
b3706	TU0-14021
b3707	TU0-42514
b3707	TU00085
b3708	TU0-45291
b3708	TU00085
b3709	TU0-45291
b3709	TU00085
b3710	TU0-14022
b3711	TU0-14023
b3712	TU-8419
b3713	TU-8419
b3714	TU0-8601
b3715	TU0-14025
b3716	TU0-14026
b3716	TU0-36404
b3717	TU0-14027
b3717	TU0-36404
b3718	TU0-14028
b3719	TU0-14028
b3720	TU0-14028
b3721	TU0-4802
b3722	TU0-4802
b3723	TU0-42515
b3723	TU0-42564
b3723	TU0-4802
b3724	TU0-14694
b3724	TU0-36418
b3724	TU0-36419
b3724	TU0-36420
b3724	TU0-45204
b3724	TU0-45216
b3724	TU0-45237
b3724	TU00202
b3725	TU0-14694
b3725	TU0-36418
b3725	TU0-36419
b3725	TU0-45204
b3725	TU0-45216
b3725	TU0-45237
b3725	TU00202
b3726	TU0-14693
b3726	TU0-36418
b3726	TU0-45204
b3726	TU0-45214
b3726	TU0-45216
b3726	TU00202
b3727	TU0-14693
b3727	TU0-36418
b3727	TU0-45204
b3727	TU0-45214
b3727	TU0-45216
b3727	TU00202
b3728	TU0-14692
b3728	TU0-14693
b3728	TU0-45214
b3728	TU0-45215
b3728	TU0-45216
b3728	TU00202
b3729	TU00280
b3729	TU00488
b3730	TU00280
b3730	TU00488
b3731	TU0-6635
b3731	TU0-6636
b3731	TU00243
b3732	TU0-6635
b3732	TU0-6636
b3732	TU00243
b3733	TU0-6635
b3733	TU0-6636
b3733	TU00243
b3734	TU0-6635
b3734	TU0-6636
b3734	TU00243
b3735	TU0-6635
b3735	TU0-6636
b3735	TU00243
b3736	TU0-6635
b3736	TU0-6636
b3736	TU00243
b3737	TU0-6635
b3737	TU0-6636
b3737	TU00243
b3738	TU0-6635
b3738	TU0-6636
b3738	TU00243
b3739	TU00243
b3740	TU0-14029
b3740	TU0-42479
b3740	TU0-45168
b3741	TU0-14029
b3741	TU0-14263
b3741	TU0-45168
b3742	TU0-14030
b3742	TU0-14262
b3742	TU0-14263
b3743	TU0-14262
b3743	TU0-14263
b3743	TU00113
b3744	TU00112
b3745	TU0-14031
b3746	TU0-14031
b3747	TU0-14032
b3747	TU0-14662
b3747	TU0-14663
b3748	TU00206
b3749	TU00206
b3750	TU00206
b3751	TU00206
b3752	TU00206
b3753	TU00206
b3754	TU0-14033
b3755	TU0-14033
b3756	TU0-1183
b3756	TU0-1184
b3756	TU0-45209
b3757	TU0-1183
b3757	TU0-1184
b3757	TU0-45209
b3758	TU0-1183
b3758	TU0-1184
b3758	TU0-45209
b3759	TU0-1183
b3759	TU0-1184
b3759	TU0-45209
b3760	TU0-14370
b3761	TU0-14371
b3762	TU0-8808
b3764	TU0-8603
b3765	TU0-8602
b3766	TU0-42516
b3766	TU0-42517
b3766	TU524
b3766	TU525
b3769	TU524
b3769	TU525
b3770	TU524
b3770	TU525
b3770	TU526
b3771	TU524
b3771	TU525
b3771	TU526
b3772	TU0-6651
b3772	TU524
b3772	TU525
b3772	TU526
b3773	TU0-45235
b3773	TU00033
b3774	TU00090
b3775	TU0-14034
b3778	TU0-6511
b3779	TU0-14036
b3780	TU0-14037
b3781	TU0-3102
b3781	TU0-3103
b3781	TU0-44224
b3782	TU0-42518
b3782	TU0-6941
b3783	TU0-6941
b3784	TU0-14039
b3785	TU0-14039
b3786	TU0-14039
b3787	TU0-14039
b3788	TU0-14039
b3789	TU0-14039
b3790	TU0-14039
b3791	TU0-14039
b3792	TU0-14039
b3793	TU0-14039
b3794	TU0-14039
b3795	TU0-14040
b3796	TU00503
b3797	TU00503
b3798	TU00503
b3799	TU00503
b3800	TU0-8863
b3801	TU0-8769
b3802	TU00283
b3803	TU00283
b3804	TU00283
b3805	TU00283
b3806	TU0-14402
b3806	TU0-14403
b3806	TU00016
b3807	TU0-14229
b3808	TU0-14041
b3809	TU0-14042
b3810	TU0-14042
b3811	TU0-14042
b3812	TU0-14042
b3813	TU0-7043
b3813	TU00071
b3815	TU0-8605
b3816	TU00455
b3817	TU0-14043
b3818	TU0-14043
b3819	TU0-14044
b3820	TU0-14045
b3821	TU0-14046
b3822	TU0-14047
b3823	TU0-14048
b3824	TU0-8501
b3825	TU0-14049
b3826	TU0-14049
b3827	TU0-14050
b3828	TU0-8223
b3828	TU0-8224
b3829	TU0-8221
b3830	TU0-8661
b3831	TU00134
b3832	TU0-14051
b3833	TU0-5881
b3834	TU0-5881
b3835	TU0-5881
b3836	TU0-14052
b3836	TU0-42519
b3838	TU0-14052
b3838	TU0-42519
b3839	TU0-14052
b3839	TU0-42519
b3841	TU0-14052
b3841	TU0-14053
b3842	TU0-8499
b3843	TU0-14054
b3844	TU0-14055
b3844	TU0-14665
b3845	TU00215
b3846	TU00215
b3847	TU0-14056
b3848	TU0-14056
b3849	TU0-14056
b3850	TU0-14056
b3851	TU0-1181
b3851	TU0-14486
b3851	TU0-45165
b3852	TU0-1181
b3852	TU0-14486
b3852	TU0-45165
b3853	TU0-1181
b3853	TU0-14486
b3853	TU0-45165
b3854	TU0-1181
b3854	TU0-14486
b3854	TU0-14533
b3854	TU0-45165
b3855	TU0-1181
b3855	TU0-14486
b3855	TU0-14533
b3855	TU0-45165
b3856	TU262
b3856	TU263
b3857	TU262
b3857	TU263
b3858	TU0-14057
b3859	TU0-1061
b3860	TU0-1061
b3860	TU0-1062
b3861	TU0-14058
b3862	TU0-1402
b3863	TU661
b3864	TU797
b3865	TU0-8606
b3866	TU0-14060
b3867	TU0-6505
b3868	TU00027
b3868	TU00028
b3868	TU00029
b3869	TU00027
b3869	TU00028
b3869	TU00029
b3870	TU0-5901
b3870	TU0-5903
b3870	TU00027
b3870	TU00029
b3871	TU0-14061
b3872	TU0-14062
b3873	TU0-14062
b3874	TU0-14063
b3875	TU0-14064
b3876	TU0-14065
b3877	TU0-14065
b3878	TU0-14066
b3879	TU0-14067
b3880	TU0-14068
b3880	TU0-42686
b3880	TU0-42688
b3880	TU0-42689
b3880	TU0-42690
b3881	TU0-14068
b3881	TU0-42686
b3881	TU0-42688
b3881	TU0-42689
b3881	TU0-42690
b3882	TU0-14068
b3882	TU0-42686
b3882	TU0-42688
b3882	TU0-42689
b3882	TU0-42690
b3883	TU0-14069
b3884	TU0-14069
b3884	TU0-42682
b3885	TU0-14070
b3886	TU0-14070
b3887	TU0-14070
b3888	TU0-14070
b3889	TU0-14071
b3890	TU0-14072
b3891	TU00268
b3892	TU00268
b3893	TU00268
b3894	TU00268
b3895	TU0-14073
b3896	TU0-14074
b3897	TU0-14075
b3898	TU0-14075
b3899	TU0-14075
b3900	TU0-14075
b3901	TU0-14296
b3902	TU0-14787
b3902	TU00219
b3903	TU00219
b3904	TU00219
b3905	TU0-45202
b3905	TU00063
b3906	TU0-45202
b3906	TU00063
b3907	TU00208
b3908	TU00064
b3909	TU0-14076
b3910	TU0-14077
b3911	TU0-3
b3911	TU0-45281
b3912	TU0-3
b3912	TU0-45281
b3913	TU0-1041
b3915	TU0-14078
b3916	TU0-14813
b3916	TU0-45236
b3916	TU0-45239
b3916	TU788
b3917	TU0-14080
b3918	TU0-6485
b3919	TU0-14668
b3919	TU0-45203
b3919	TU0-8061
b3920	TU0-14081
b3921	TU0-14082
b3922	TU0-3465
b3923	TU0-3465
b3924	TU00188
b3925	TU00173
b3926	TU00173
b3927	TU00173
b3928	TU0-8607
b3929	TU0-14264
b3929	TU0-14669
b3929	TU0-965
b3930	TU0-14669
b3930	TU0-965
b3931	TU00287
b3932	TU00287
b3933	NA
b3934	TU0-5961
b3935	TU0-14087
b3936	TU0-45156
b3936	TU0-8506
b3937	TU0-14088
b3938	TU0-2706
b3938	TU0-2707
b3938	TU0-2708
b3939	TU0-3741
b3940	TU0-3741
b3941	TU00218
b3942	TU00034
b3943	TU0-14089
b3944	TU0-14090
b3945	TU0-14091
b3946	TU0-14091
b3947	TU0-14091
b3949	TU0-14092
b3950	TU0-14092
b3951	TU00316
b3952	TU00316
b3953	TU0-14311
b3954	TU0-14093
b3955	TU0-14094
b3956	TU0-6510
b3957	TU0-6886
b3957	TU00226
b3958	TU00004
b3959	TU00004
b3960	TU0-42684
b3960	TU00004
b3961	TU0-45266
b3961	TU00051
b3962	TU0-7521
b3963	TU0-14097
b3964	TU0-14097
b3965	TU00430
b3966	TU0-6281
b3967	TU0-6281
b3968	TU0-1182
b3968	TU0-3364
b3968	TU0-45275
b3969	TU0-1182
b3969	TU0-3364
b3969	TU0-45275
b3970	TU0-1182
b3970	TU0-14528
b3970	TU0-3364
b3970	TU0-45275
b3971	TU0-1182
b3971	TU0-14528
b3971	TU0-3364
b3971	TU0-45275
b3972	TU0-14099
b3973	TU0-14099
b3974	TU0-14228
b3976	TU00504
b3977	TU00504
b3978	TU00504
b3979	TU00504
b3980	TU00504
b3981	TU00354
b3982	TU00354
b3983	TU0-6512
b3984	TU0-6512
b3985	TU0-6512
b3985	TU00335
b3986	TU0-6512
b3986	TU0-8464
b3986	TU00335
b3987	TU0-6512
b3987	TU0-7002
b3987	TU00335
b3988	TU0-6512
b3988	TU0-7002
b3988	TU00335
b3989	TU00399
b3990	TU00365
b3991	TU00365
b3992	TU00365
b3993	TU00365
b3994	TU00365
b3995	TU784
b3995	TU787
b3996	TU0-14103
b3997	TU0-14103
b3998	TU0-14103
b3999	TU0-14104
b4000	TU486
b4001	TU0-14324
b4002	TU782
b4003	TU783
b4004	TU783
b4005	TU00056
b4006	TU00056
b4007	TU0-1186
b4007	TU0-14487
b4007	TU0-45277
b4008	TU0-1186
b4008	TU0-14487
b4008	TU0-45277
b4009	TU0-1186
b4009	TU0-14487
b4009	TU0-14530
b4009	TU0-45277
b4010	TU0-1186
b4010	TU0-14487
b4010	TU0-14530
b4010	TU0-45277
b4011	TU0-14105
b4012	TU0-5062
b4013	TU0-5061
b4013	TU00041
b4014	TU00001
b4015	TU00001
b4016	TU0-14503
b4016	TU00001
b4017	TU0-14106
b4018	TU0-4288
b4019	TU0-42471
b4019	TU00042
b4020	TU0-14107
b4021	TU0-8488
b4022	TU0-8505
b4023	TU0-14108
b4024	TU0-6552
b4024	TU0-6553
b4025	TU0-45260
b4025	TU0-6444
b4026	TU0-14111
b4026	TU0-14287
b4026	TU0-36435
b4027	TU0-14112
b4027	TU0-14287
b4027	TU0-36435
b4028	TU0-14112
b4028	TU0-14287
b4028	TU0-36435
b4029	TU0-14112
b4029	TU0-14287
b4029	TU0-36435
b4030	TU0-2021
b4031	TU0-14113
b4032	TU00038
b4033	TU00038
b4034	TU00038
b4035	TU00123
b4036	TU00123
b4037	TU00123
b4039	TU00369
b4040	TU00369
b4041	TU-8421
b4041	TU0-36440
b4042	TU0-14115
b4042	TU0-36442
b4043	TU00037
b4044	TU00037
b4045	TU0-14116
b4046	TU0-8667
b4047	TU0-14117
b4048	TU0-14117
b4049	TU0-14118
b4050	TU0-5741
b4051	TU0-14227
b4052	TU0-14119
b4053	TU0-14120
b4053	TU0-14670
b4054	TU00087
b4055	TU0-14121
b4056	TU0-14122
b4057	TU0-14122
b4058	TU00069
b4059	TU0-6563
b4059	TU0-6564
b4059	TU00065
b4060	TU0-8608
b4061	TU0-8609
b4062	TU00211
b4063	TU00456
b4064	TU0-14123
b4065	TU0-14124
b4066	TU0-14125
b4067	TU0-14786
b4067	TU0-3721
b4067	TU0-3723
b4067	TU0-45241
b4068	TU0-3721
b4068	TU0-3723
b4068	TU0-45241
b4069	TU0-3721
b4069	TU0-3723
b4069	TU0-45241
b4070	TU00199
b4071	TU00199
b4072	TU00199
b4073	TU00199
b4074	TU00199
b4075	TU00199
b4076	TU00199
b4077	TU0-14126
b4078	TU0-14127
b4079	TU00152
b4080	TU0-14128
b4081	TU0-14128
b4082	TU0-14128
b4083	TU0-14129
b4084	TU0-14293
b4085	TU0-14547
b4085	TU0-4502
b4085	TU0-4504
b4086	TU0-14547
b4086	TU0-4502
b4086	TU0-4504
b4087	TU0-14547
b4087	TU0-4502
b4087	TU0-4504
b4088	TU0-14547
b4088	TU0-4502
b4088	TU0-4504
b4089	TU0-4502
b4089	TU0-4504
b4090	TU0-4483
b4092	TU0-14552
b4092	TU00201
b4093	TU0-14552
b4093	TU00201
b4094	TU0-14552
b4094	TU00201
b4095	TU0-14552
b4095	TU00201
b4096	TU0-14552
b4096	TU00201
b4097	TU00201
b4098	TU00201
b4099	TU00201
b4100	TU00201
b4101	TU00201
b4102	TU00201
b4105	TU00201
b4106	TU00201
b4107	TU0-14131
b4108	TU0-14132
b4109	TU0-14133
b4109	TU0-14801
b4110	TU0-14133
b4110	TU0-14801
b4111	TU0-3882
b4111	TU00155
b4112	TU00245
b4113	TU00245
b4114	TU0-14345
b4115	TU0-14134
b4116	TU821
b4117	TU00235
b4118	TU00040
b4119	TU00131
b4120	TU00131
b4121	TU0-14136
b4122	TU0-4562
b4122	TU00159
b4122	TU00468
b4123	TU0-4562
b4123	TU00468
b4124	TU0-14431
b4124	TU0-8347
b4125	TU0-8347
b4126	TU0-14137
b4127	TU0-14137
b4128	TU0-42545
b4129	TU00221
b4129	TU00429
b4130	TU0-14139
b4131	TU0-14513
b4131	TU00467
b4132	TU00467
b4133	TU00118
b4134	TU00520
b4135	TU0-14140
b4135	TU0-14671
b4136	TU0-14140
b4137	TU359
b4138	TU0-42567
b4138	TU0-6021
b4138	TU621
b4139	TU0-6021
b4139	TU00160
b4140	TU0-1721
b4141	TU0-8610
b4142	TU0-45180
b4142	TU0-5003
b4143	TU0-14672
b4143	TU0-14673
b4143	TU0-14674
b4143	TU0-45180
b4143	TU0-5003
b4144	TU0-14141
b4145	TU0-14142
b4146	TU0-14143
b4147	TU0-1222
b4148	TU0-1241
b4149	TU0-6484
b4150	TU243
b4151	TU0-45225
b4151	TU00023
b4152	TU0-45225
b4152	TU00023
b4153	TU0-45225
b4153	TU00023
b4154	TU0-45225
b4154	TU00023
b4155	TU0-14146
b4156	TU0-14147
b4157	TU0-14148
b4158	TU0-14148
b4159	TU0-3424
b4160	TU0-3424
b4161	TU0-14150
b4162	TU0-14151
b4163	TU00505
b4164	TU00505
b4165	TU00505
b4166	TU0-8611
b4167	TU00236
b4167	TU801
b4167	TU802
b4168	TU0-14759
b4168	TU00236
b4168	TU801
b4168	TU802
b4169	TU0-14759
b4169	TU00236
b4169	TU801
b4169	TU802
b4170	TU0-14561
b4170	TU0-14562
b4170	TU0-14759
b4170	TU00236
b4170	TU801
b4170	TU802
b4171	TU0-14561
b4171	TU0-14562
b4171	TU0-14563
b4171	TU0-14565
b4171	TU0-14759
b4171	TU00236
b4171	TU801
b4171	TU802
b4172	TU0-14548
b4172	TU0-14561
b4172	TU0-14562
b4172	TU0-14563
b4172	TU0-14565
b4172	TU0-14567
b4172	TU0-14568
b4172	TU0-14759
b4172	TU00236
b4172	TU801
b4172	TU802
b4173	TU0-14548
b4173	TU0-14561
b4173	TU0-14562
b4173	TU0-14563
b4173	TU0-14565
b4173	TU0-14567
b4173	TU0-14568
b4173	TU0-14759
b4173	TU00236
b4173	TU801
b4173	TU802
b4174	TU0-14548
b4174	TU0-14561
b4174	TU0-14562
b4174	TU0-14563
b4174	TU0-14565
b4174	TU0-14567
b4174	TU0-14568
b4174	TU0-14759
b4174	TU00236
b4174	TU801
b4174	TU802
b4175	TU0-14548
b4175	TU0-14561
b4175	TU0-14562
b4175	TU0-14563
b4175	TU0-14565
b4175	TU0-14567
b4175	TU0-14568
b4175	TU0-14759
b4175	TU00236
b4175	TU801
b4175	TU802
b4176	TU0-14152
b4177	TU00094
b4178	TU0-8502
b4179	TU0-8502
b4180	TU0-8502
b4181	TU0-14153
b4181	TU0-8502
b4182	TU0-14153
b4183	TU0-14154
b4184	TU0-14154
b4185	TU0-14154
b4186	TU0-14154
b4187	TU0-45191
b4187	TU00095
b4188	TU0-14155
b4189	TU0-14156
b4190	TU0-8612
b4191	TU0-14157
b4192	TU0-5163
b4193	TU0-5162
b4194	TU0-5162
b4195	TU0-5162
b4196	TU0-5162
b4197	TU0-5162
b4198	TU0-5162
b4199	TU0-8613
b4200	TU00346
b4201	TU00346
b4202	TU00346
b4203	TU00346
b4204	TU0-8614
b4205	TU0-8662
b4206	TU0-8663
b4207	TU0-14158
b4208	TU0-14159
b4209	TU-8441
b4210	TU0-14160
b4211	TU0-14161
b4212	TU0-8664
b4213	TU00120
b4214	TU0-14162
b4215	TU0-14163
b4216	TU0-6362
b4217	TU0-8146
b4218	TU0-14164
b4219	TU241
b4220	TU0-14165
b4221	TU0-14165
b4222	TU0-14165
b4224	TU0-1261
b4224	TU00250
b4225	TU0-1261
b4225	TU00250
b4226	TU0-8492
b4227	TU0-14166
b4228	TU0-14166
b4230	TU0-14166
b4231	TU0-14166
b4232	TU0-8336
b4233	TU0-45213
b4233	TU0-963
b4233	TU0-964
b4234	TU0-8615
b4235	TU0-14167
b4237	TU0-14501
b4237	TU0-4783
b4238	TU0-4783
b4239	TU00213
b4240	TU00213
b4241	TU0-2441
b4241	TU0-2442
b4241	TU0-2443
b4241	TU00397
b4242	TU0-2421
b4242	TU0-2422
b4243	TU0-14169
b4244	TU00484
b4244	TU00485
b4245	TU00484
b4245	TU00485
b4246	TU00484
b4246	TU00485
b4248	TU0-14170
b4249	TU0-14171
b4251	TU0-14172
b4252	TU0-14173
b4253	TU0-14174
b4254	TU00006
b4255	TU0-14772
b4255	TU0-8617
b4256	TU0-8619
b4257	TU0-8620
b4258	TU0-14474
b4258	TU0-6405
b4258	TU0-6687
b4259	TU0-14322
b4259	TU0-14474
b4260	TU0-14175
b4260	TU0-14740
b4260	TU0-14741
b4261	TU0-14176
b4262	TU0-14176
b4263	TU0-14177
b4264	TU0-4682
b4264	TU0-4924
b4265	TU0-4682
b4266	TU0-4682
b4267	TU0-4682
b4268	TU0-4681
b4269	TU0-8616
b4270	TU00506
b4271	TU0-14178
b4272	TU0-14179
b4273	TU0-14179
b4277	TU0-8621
b4278	TU0-8830
b4279	TU0-14183
b4280	TU0-14183
b4280	TU0-44208
b4280	TU0-44209
b4281	TU0-8622
b4283	TU0-14185
b4284	TU0-14186
b4287	TU00151
b4288	TU00151
b4289	TU00151
b4290	TU00151
b4291	TU00151
b4292	TU00460
b4293	TU00460
b4294	TU0-8829
b4295	TU0-14190
b4296	TU0-14191
b4297	TU0-14192
b4298	TU0-14192
b4299	TU0-14192
b4300	TU0-14193
b4301	TU0-14193
b4302	TU0-14193
b4303	TU0-14193
b4304	TU0-14193
b4305	TU0-14193
b4306	TU0-14194
b4307	TU0-14195
b4309	TU0-14196
b4309	TU0-42544
b4310	TU0-42544
b4310	TU0-6843
b4311	TU0-14323
b4311	TU0-42544
b4311	TU0-6843
b4312	TU00409
b4312	TU00410
b4312	TU00412
b4313	TU183
b4314	TU182
b4315	TU182
b4316	TU182
b4317	TU182
b4318	TU182
b4319	TU182
b4320	TU182
b4321	TU0-4961
b4322	TU101
b4323	TU101
b4324	TU0-5041
b4325	TU0-8624
b4326	TU0-14766
b4326	TU0-45219
b4326	TU0-8625
b4327	TU0-14198
b4328	TU0-14199
b4329	TU0-14199
b4330	TU0-14199
b4331	TU0-8842
b4332	TU0-14200
b4333	TU0-14201
b4334	TU0-14202
b4335	TU0-14202
b4336	TU0-14203
b4337	TU0-14203
b4338	TU0-14204
b4340	TU0-8626
b4341	TU0-14205
b4342	TU0-14206
b4345	TU0-5661
b4346	TU0-5661
b4347	TU0-8264
b4348	TU0-14319
b4348	TU00286
b4349	TU0-14319
b4349	TU00286
b4350	TU0-14319
b4351	TU0-8821
b4352	TU0-14208
b4353	TU0-14208
b4354	TU0-42491
b4355	TU0-1541
b4355	TU0-7
b4356	TU0-14210
b4357	TU0-14211
b4358	TU0-8628
b4359	TU0-14212
b4360	TU0-8867
b4360	TU00261
b4361	TU0-8867
b4361	TU0-8868
b4361	TU0-8869
b4361	TU00261
b4362	TU0-8867
b4362	TU0-8868
b4362	TU0-8869
b4362	TU00261
b4363	TU0-8867
b4363	TU0-8869
b4364	TU0-14213
b4365	TU0-14571
b4366	TU0-14571
b4367	TU0-36402
b4367	TU0-7701
b4368	TU0-42652
b4368	TU00521
b4369	TU00521
b4370	TU00521
b4371	TU0-14215
b4372	TU0-14216
b4373	TU0-14216
b4374	TU0-14216
b4375	TU0-14217
b4376	TU0-1981
b4376	TU0-45234
b4377	TU0-14219
b4378	TU0-14219
b4379	TU0-14220
b4380	TU0-14221
b4381	TU00017
b4381	TU00018
b4382	TU0-14537
b4382	TU00017
b4382	TU00018
b4383	TU0-14537
b4383	TU0-6646
b4383	TU00017
b4383	TU00018
b4384	TU0-14537
b4384	TU0-6646
b4384	TU00017
b4384	TU00018
b4385	TU0-14222
b4386	TU0-6630
b4387	TU0-6630
b4388	TU0-14224
b4388	TU0-6514
b4389	TU0-14225
b4389	TU0-6514
b4390	TU0-14225
b4391	TU0-8627
b4392	TU0-14226
b4393	TU00220
b4394	TU0-8629
b4395	TU0-8665
b4396	TU0-7804
b4397	TU0-14475
b4397	TU00253
b4398	TU0-14475
b4398	TU00253
b4399	TU0-14475
b4399	TU00253
b4400	TU0-14683
b4400	TU00253
b4401	TU344
b4401	TU345
b4401	TU346
b4401	TU347
b4401	TU348
b4401	TU352
b4401	TU354
b4402	TU0-12785
b4403	TU0-12786
b4404	TU0-14039
b4406	TU0-12834
b4407	TU00365
b4408	TU0-4761
b4409	TU0-13351
b4410	TU0-14145
b4411	TU0-14145
b4411	TU0-14682
b4412	TU0-12794
b4413	TU0-12795
b4414	TU00345
b4415	TU0-8266
b4416	TU0-42460
b4417	TU0-13070
b4418	TU0-14333
b4419	TU0-8843
b4420	TU0-8496
b4421	TU0-8844
b4422	TU0-8497
b4423	TU0-8845
b4424	TU0-8498
b4425	TU0-13181
b4426	TU0-8839
b4427	TU0-8824
b4428	TU0-13255
b4429	TU0-13257
b4430	TU0-13367
b4431	TU0-13370
b4432	TU0-8508
b4433	TU0-13431
b4433	TU0-3463
b4433	TU0-45144
b4435	TU0-14334
b4435	TU0-2701
b4436	TU0-13502
b4437	TU0-13503
b4438	TU0-13506
b4438	TU0-45184
b4438	TU0-45185
b4439	TU0-2644
b4439	TU0-45164
b4440	TU0-13654
b4441	TU0-13666
b4441	TU0-14775
b4442	TU0-8515
b4443	TU0-6184
b4444	TU0-8763
b4445	TU0-8762
b4446	TU0-14717
b4447	TU0-13845
b4449	TU0-8516
b4450	TU0-8517
b4451	TU0-3401
b4452	TU0-5761
b4453	TU0-8846
b4454	TU0-13973
b4455	TU0-8810
b4456	TU0-8518
b4457	TU0-4822
b4458	TU0-8485
b4459	TU0-8519
b4487	TU0-14130
b4501	TU0-13607
b4502	TU0-14238
b4504	TU0-12859
b4504	TU0-14535
b4504	TU0-14802
b4504	TU0-14803
b4506	TU0-12881
b4509	TU0-12975
b4510	TU0-12978
b4511	TU00270
b4512	TU0-12991
b4513	TU00035
b4514	TU0-13028
b4515	TU0-14366
b4516	TU0-13109
b4517	TU0-13110
b4517	TU0-44201
b4517	TU0-44202
b4518	TU0-14245
b4520	TU0-13164
b4522	TU0-13198
b4523	TU0-13198
b4525	TU0-13215
b4525	TU0-42524
b4526	TU0-13228
b4527	TU0-13229
b4528	TU0-13232
b4529	TU0-8698
b4532	TU0-13266
b4532	TU0-45145
b4533	TU0-13318
b4534	TU0-13332
b4535	TU0-13380
b4536	TU0-8647
b4537	TU0-13447
b4538	TU0-13484
b4539	TU0-13493
b4541	TU0-13522
b4542	TU0-13528
b4544	TU0-13569
b4545	TU0-13606
b4546	TU0-13620
b4547	TU0-13642
b4547	TU0-14404
b4548	TU0-13699
b4550	TU0-13910
b4551	TU0-13918
b4553	TU0-13981
b4554	TU0-8593
b4555	TU0-8594
b4557	NA
b4558	TU0-14042
b4559	TU0-42545
b4565	TU0-14193
b4566	TU0-14195
b4567	TU0-8630
b4568	TU0-14218
b4577	TU0-12806
b4577	TU0-45190
b4585	TU0-8522
b4586	NA
b4588	NA
b4589	NA
b4592	TU0-45265
b4592	TU00097
b4593	NA
b4594	NA
b4595	TU0-14244
b4596	TU0-8475
b4597	TU0-14392
b4598	TU0-14241
b4599	TU0-13307
b4601	NA
b4602	NA
b4603	TU0-14332
b4604	NA
b4605	NA
b4606	TU0-14237
b4608	TU0-14421
b4609	TU0-14423
b4610	NA
b4611	TU0-14716
b4612	NA
b4613	TU0-8263
b4615	NA
b4616	TU0-7181
b4616	TU0-7182
b4618	TU0-6241
b4620	NA
b4621	NA
b4622	NA
b4624	TU0-14424
b4625	TU0-14420
b4637	TU0-1281
b4637	TU0-1282
b4655	NA
b4659	TU0-12802
b4659	TU0-12802
b4662	TU0-12806
b4662	TU0-45190
b4663	TU0-14767
b4664	TU0-45158
b4665	TU0-45157
b4666	NA
b4667	NA
b4668	NA
b4669	TU524
b4669	TU525
b4670	TU0-14738
b4671	TU0-14769
b4672	NA
b4673	TU0-42524
b4674	NA
b4675	NA
b4676	NA
b4677	NA
b4678	NA
b4679	NA
b4680	NA
b4681	TU0-14422
b4682	NA
b4683	NA
b4684	NA
b4685	TU0-14763
b4685	TU0-45160
b4686	NA
b4688	NA
b4689	NA
b4690	NA
b4691	TU0-14101
b4695	TU0-12875
b4698	TU0-14797
b4699	TU0-14795
b4700	NA
b4701	TU0-44223
b4702	TU0-2421
b4702	TU0-2422
b4703	NA
b4704	TU0-36438
b4704	TU0-45194
b4705	TU0-42460
b4706	NA
b4707	TU0-42484
b4709	NA
b4710	NA
b4711	NA
b4712	TU0-42529
b4713	TU0-42530
b4714	TU0-42572
b4715	NA
b4716	TU0-1041
b4717	TU0-42576
b4717	TU0-42592
b4718	TU0-14736
b4718	TU0-14742
b4718	TU0-4901
b4718	TU0-5682
b4719	TU0-42620
b4719	TU0-42630
b4720	TU0-14766
b4721	TU0-14766
b4722	TU0-14766
b4722	TU0-45219
b4722	TU0-8625
b4723	NA
b4724	NA
b4725	TU0-42636
b4725	TU0-42638
b4725	TU0-42640
b4725	TU0-45282
b4725	TU281
b4726	TU0-44222
b4727	NA
b4728	NA
b4729	NA
b4730	NA
b4731	NA
b4732	NA
b4733	NA
b4734	NA
b4735	NA
b4736	TU0-14688
b4737	NA
b4738	NA
b4739	NA
b4740	NA
b4741	TU0-45169
b4741	TU795
b4742	TU0-13209
b4742	TU0-4404
b4743	NA
b4744	NA
b4745	NA
b4746	NA
b4747	NA
b4748	TU0-13315
b4749	NA
b4750	NA
b4751	NA
b4752	NA
b4753	NA
b4754	NA
b4755	NA
b4756	NA
b4757	NA
b4758	NA
b4759	TU00512
b4760	TU0-7161
b4761	TU0-14336
b4762	TU0-12805
b4762	TU0-14425
b4763	TU-8412
b4763	TU0-42594
b4764	TU00524
b4765	NA
b4766	NA
b4767	NA
b4768	NA
b4769	NA
b4770	NA
b4771	NA
b4772	NA
b4773	NA
b4774	NA
b4775	NA
b4776	NA
b4777	TU0-13343
b4778	NA
b4779	NA
b4780	NA
b4781	NA
b4782	NA
b4783	NA
b4784	NA
b4785	NA
b4786	NA
b4787	NA
b4788	NA
b4789	NA
b4790	NA
b4791	NA
b4792	NA
b4793	NA
b4794	NA
b4795	NA
b4796	NA
b4797	NA
b4798	NA
b4799	NA
b4800	NA
b4801	NA
b4802	NA
b4803	TU00360
b4804	NA
b4805	TU0-13677
b4806	TU0-45287
b4807	TU00038
b4808	TU0-13021
b4809	TU0-14339
b4810	NA
b4811	NA
b4812	NA
