bnumber	PMID
b2820	30445486
b2820	29129691
b2820	29032606
b2820	22820092
b2820	10518611
b2820	9790841
b2820	9448271
b2820	9150267
b2820	1311326
b2820	27220465
b2820	19540850
b2820	18847457
b2820	18395743
b2820	16041060
b2820	10830968
b2820	9192629
b2820	6458768
b2820	6389498
b2820	4909471
b2820	3911029
b2820	3537961
b2820	3155726
b2820	785229
b2820	123277
b2820	33154402
b2820	32687193
b2820	30601118
b2820	30189098
b2820	28369478
b2820	27644322
b2820	26003632
b2820	19254546
b2820	19052323
b2820	18668125
b2820	18656489
b2820	18562643
b2820	18445487
b2820	18079176
b2820	18043749
b2820	18022364
b2820	17583735
b2820	17544443
b2820	17110484
b2820	16901504
b2820	16887145
b2820	16854534
b2820	16388588
b2820	16126227
b2820	16041061
b2820	16005583
b2820	15808933
b2820	15749023
b2820	15538360
b2820	15538349
b2820	15450408
b2820	15254271
b2820	15165848
b2820	15165847
b2820	15095979
b2820	13678587
b2820	12954787
b2820	12815438
b2820	12815437
b2820	12445778
b2820	11750819
b2820	11532156
b2820	11201749
b2820	10197989
b2820	8614617
b2820	7891665
b2820	7592661
b2820	7592660
b2820	7560868
b2820	7037768
b2820	4927675
b2820	4898990
b2820	3534791
b2820	3298248
b2820	3280962
b2820	2405161
b2820	2014257
b2820	1618858
b2820	395896
b2820	22621921
b2820	18310346
b2820	17376074
b2820	17141804
b2820	16936035
b2820	16816175
b2820	16483938
b2820	16377056
b2820	15063135
b2820	10884344
b2820	10766864
b2820	10731409
b2820	10510229
b2820	10480929
b2820	9167969
b2820	8682788
b2820	8159691
b2820	8051022
b2820	6287923
b2820	4884588
b2820	4248156
b2820	2180906
b2820	1094463
b2820	17529976
b2820	17322311
b2820	15590330
b2820	9402028
b2820	6317651
b2820	3308921
b2820	21219465
b2820	17903041
b2820	17395553
b2820	17000639
b2820	16772291
b2820	15925551
b2820	15687190
b2820	15167889
b2820	15049815
b2820	12057944
b2820	10498743
b2820	9029161
b2820	6295393
b2820	16452142
b2820	15687199
b2820	10320582
b2820	9791113
b2820	1911953
b2820	19837803
b2820	14616075
b2820	11532150
b2820	10923257
b2820	12511510
b2820	11114909
b2820	8080625
b2820	20304994
b2820	19236706
b2820	17932052
b2820	11436549
b2820	10447893
b2820	12486015
b2820	10585965
b2820	16670432
b2820	15375374
b2820	1310794
b2820	15450413
b2820	18586941
b2820	12718760
b2820	15454563
b2820	7968921
b2820	4205905
b2820	18824089
b2820	27718375
b2820	16849790
b2820	3537960
b2820	10982859
b2820	16738553
b2820	9278503
b2820	16397293
b2820	21873635
b1343	19734347
b1343	18237742
b1343	17986459
b1343	16325852
b1343	15910005
b1343	15654752
b1343	15173385
b1343	12324462
b1343	11296244
b1343	2216714
b1343	18565105
b1343	19393667
b1343	16935881
b1343	1552844
b1343	12460566
b1343	1931833
b1343	11888286
b1343	11574482
b1343	11350034
b1343	10525403
b1343	9836593
b1343	9016593
b1343	8524828
b1343	8253085
b1343	9097039
b1343	16738553
b1343	9278503
b1343	16397293
b3935	30201718
b3935	28607160
b3935	21888358
b3935	20624397
b3935	20089865
b3935	19823946
b3935	17483094
b3935	16752913
b3935	16752912
b3935	16752911
b3935	16226927
b3935	15323559
b3935	12917421
b3935	12667440
b3935	12622722
b3935	12581361
b3935	12151393
b3935	11580240
b3935	11459954
b3935	10956036
b3935	10875934
b3935	10754552
b3935	10572298
b3935	10455182
b3935	10455181
b3935	8631700
b3935	6273849
b3935	6130524
b3935	6109282
b3935	2931433
b3935	2825188
b3935	2824502
b3935	2170365
b3935	2162049
b3935	1938875
b3935	1908806
b3935	1833621
b3935	1826559
b3935	1662369
b3935	1313026
b3935	127175
b3935	26801562
b3935	21641914
b3935	20647503
b3935	19538444
b3935	16188886
b3935	15252043
b3935	12554673
b3935	11864599
b3935	10713144
b3935	10356325
b3935	10097074
b3935	9236123
b3935	8955297
b3935	8820655
b3935	7525276
b3935	2162050
b3935	1533620
b3935	32900829
b3935	32357475
b3935	25136561
b3935	20329707
b3935	18342610
b3935	15743945
b3935	15530361
b3935	14762016
b3935	11532137
b3935	8722757
b3935	8663106
b3935	1317865
b3935	17382604
b3935	15780929
b3935	12694626
b3935	12667462
b3935	8366072
b3935	26244508
b3935	17028321
b3935	16677308
b3935	15588282
b3935	15066040
b3935	11994158
b3935	15925551
b3935	15167889
b3935	15049815
b3935	8663104
b3935	15716497
b3935	16472829
b3935	16424908
b3935	9177997
b3935	15177181
b3935	11929519
b3935	15387814
b3935	16670432
b3935	1310794
b3935	15576682
b3935	10613856
b3935	10835375
b3935	15749022
b3935	8663105
b3935	8346018
b3935	18824089
b3935	17588514
b3935	17122336
b3935	15690043
b3935	16738553
b3935	9278503
b3935	16397293
b3935	21873635
b3780	19161844
b3780	6341360
b3780	3897844
b3780	20106955
b3780	19426759
b3780	18337249
b3780	17234211
b3780	15867149
b3780	12181321
b3780	11722741
b3780	21219461
b3780	21126315
b3780	20729366
b3780	18165229
b3780	16275923
b3780	12035760
b3780	16935881
b3780	15236960
b3780	14981237
b3780	12207692
b3780	11134527
b3780	10521403
b3780	9933592
b3780	9732274
b3780	8632981
b3780	8610017
b3780	7891559
b3780	17242352
b3780	15522087
b3780	14731278
b3780	10535935
b3780	9642084
b3780	9383162
b3780	8682798
b3780	1931833
b3780	10361280
b3780	16766188
b3780	15554979
b3780	19667755
b3780	17447862
b3780	7510217
b3780	16139413
b3780	15554978
b3780	9501232
b3780	1379743
b3780	11390393
b3780	15690043
b3780	18304323
b3780	24561554
b3780	16738553
b3780	9278503
b3780	16397293
b3780	21873635
b2576	31188443
b2576	30219894
b2576	21859437
b2576	21378185
b2576	2563148
b2576	2461520
b2576	24045937
b2576	19734346
b2576	12787353
b2576	7526223
b2576	18083833
b2576	9175854
b2576	19393667
b2576	18165229
b2576	16935881
b2576	1552844
b2576	12460566
b2576	1931833
b2576	10361280
b2576	15554979
b2576	12665241
b2576	15196029
b2576	16980477
b2576	15690043
b2576	16606699
b2576	18304323
b2576	24561554
b2576	16738553
b2576	9278503
b2576	16397293
b2576	21873635
b3162	24708042
b3162	23291905
b3162	20484467
b3162	19560426
b3162	16983699
b3162	12209000
b3162	10216955
b3162	8552679
b3162	4592257
b3162	18565105
b3162	12021800
b3162	10075935
b3162	7526223
b3162	18083833
b3162	15199224
b3162	12068815
b3162	11292800
b3162	9422597
b3162	9175854
b3162	8190075
b3162	2045359
b3162	17557820
b3162	16935881
b3162	1552844
b3162	1931833
b3162	16223443
b3162	10361280
b3162	16766188
b3162	15554979
b3162	19667755
b3162	17455763
b3162	17447862
b3162	16139413
b3162	17259309
b3162	15148362
b3162	15196029
b3162	15554978
b3162	15289551
b3162	18824089
b3162	12107143
b3162	27718375
b3162	15380559
b3162	15836769
b3162	17122336
b3162	16980477
b3162	18304323
b3162	24561554
b3162	16738553
b3162	9278503
b3162	16397293
b3162	21873635
b0799	30520735
b0799	24738733
b0799	19074432
b0799	17416902
b0799	12748189
b0799	8385320
b0799	1629168
b0799	23036643
b0799	30869136
b0799	26063803
b0799	22832783
b0799	19851282
b0799	8682790
b0799	1577702
b0799	8037924
b0799	15454563
b0799	11544210
b0799	8905232
b0799	16738553
b0799	9278503
b0799	16397293
b0799	21873635
b3822	33454004
b3822	30466158
b3822	30053104
b3822	27131595
b3822	26067769
b3822	25539922
b3822	25102178
b3822	24403069
b3822	20048388
b3822	18296713
b3822	17623900
b3822	17571213
b3822	16793396
b3822	16507576
b3822	16385024
b3822	16340008
b3822	16143813
b3822	16084389
b3822	15922367
b3822	15498482
b3822	15292213
b3822	14665634
b3822	14517231
b3822	12805371
b3822	12771204
b3822	11024023
b3822	10589843
b3822	9553043
b3822	9108069
b3822	8387604
b3822	6381965
b3822	2993821
b3822	2164680
b3822	29059328
b3822	28689072
b3822	25411316
b3822	19150358
b3822	16754873
b3822	15256542
b3822	12543983
b3822	10360177
b3822	353503
b3822	24036154
b3822	19389761
b3822	15289460
b3822	12909639
b3822	12840109
b3822	10811888
b3822	7868608
b3822	3027506
b3822	17483090
b3822	16816175
b3822	17903041
b3822	12169595
b3822	15687199
b3822	10420269
b3822	19617358
b3822	18567657
b3822	17466628
b3822	16164551
b3822	11459953
b3822	15493325
b3822	11436549
b3822	15476890
b3822	1310794
b3822	15225322
b3822	12718760
b3822	3294419
b3822	7968921
b3822	19451222
b3822	1379743
b3822	16738553
b3822	9278503
b3822	16397293
b3822	21873635
b3813	29664402
b3813	29087333
b3813	28978435
b3813	25883359
b3813	24798324
b3813	22342931
b3813	21705756
b3813	21704638
b3813	20877334
b3813	20444702
b3813	19074381
b3813	19008855
b3813	17499041
b3813	16890954
b3813	16135232
b3813	15561144
b3813	12788954
b3813	12527299
b3813	11879732
b3813	11585364
b3813	10632890
b3813	10543970
b3813	9440527
b3813	9393722
b3813	8994032
b3813	8810301
b3813	8419285
b3813	7559350
b3813	7038400
b3813	6319401
b3813	6319241
b3813	6319240
b3813	6141047
b3813	6135974
b3813	3038838
b3813	2943729
b3813	2942537
b3813	2536658
b3813	1849510
b3813	31757945
b3813	31363055
b3813	24084169
b3813	17259317
b3813	17020578
b3813	16935885
b3813	10984488
b3813	10809694
b3813	9482750
b3813	8647383
b3813	6379604
b3813	6308634
b3813	6291053
b3813	6276691
b3813	6123951
b3813	30869136
b3813	24402227
b3813	23932715
b3813	22832783
b3813	19941825
b3813	19851282
b3813	19762288
b3813	19555451
b3813	19208629
b3813	17038801
b3813	15470502
b3813	11101153
b3813	9535911
b3813	9535910
b3813	7868608
b3813	7635292
b3813	6324092
b3813	19208636
b3813	17898841
b3813	17382604
b3813	16690604
b3813	15955821
b3813	14525341
b3813	10469667
b3813	8444906
b3813	3024109
b3813	2690930
b3813	2546148
b3813	2525700
b3813	17641684
b3813	12538867
b3813	11818552
b3813	11004168
b3813	8244919
b3813	3052275
b3813	1763073
b3813	15565170
b3813	14673109
b3813	1530937
b3813	17765269
b3813	17028021
b3813	10420269
b3813	2254268
b3813	19617358
b3813	18567657
b3813	17466628
b3813	11381137
b3813	10715006
b3813	19236706
b3813	15387814
b3813	15375374
b3813	1310794
b3813	15225322
b3813	3294419
b3813	4205905
b3813	1379743
b3813	27718375
b3813	12627170
b3813	12368244
b3813	15690043
b3813	16606699
b3813	18304323
b3813	24561554
b3813	16738553
b3813	9278503
b3813	16397293
b3813	21873635
b2761	33799639
b2761	31095294
b2761	27546790
b2761	23406879
b2761	22521689
b2761	31941083
b2761	26956996
b2761	21699496
b2761	26522594
b2761	2005873
b2761	18703730
b2761	7984428
b2761	18703739
b2761	11574054
b2761	11952905
b2761	16738553
b2761	9278503
b2761	16397293
b2761	21873635
b2819	29901759
b2819	19841849
b2819	15956672
b2819	10840065
b2819	10224241
b2819	9092551
b2819	3526335
b2819	3015881
b2819	2177520
b2819	1322885
b2819	19577188
b2819	18847457
b2819	16254443
b2819	12072448
b2819	3537961
b2819	33154402
b2819	30601118
b2819	30189098
b2819	28369478
b2819	27644322
b2819	26003632
b2819	19254546
b2819	19052323
b2819	18668125
b2819	18656489
b2819	18562643
b2819	18079176
b2819	18043749
b2819	18022364
b2819	17583735
b2819	17544443
b2819	17110484
b2819	16901504
b2819	16887145
b2819	16854534
b2819	16522649
b2819	16388588
b2819	16126227
b2819	16041061
b2819	15808933
b2819	15749023
b2819	15538360
b2819	15538349
b2819	15254271
b2819	15165848
b2819	15165847
b2819	13678587
b2819	12954787
b2819	12815438
b2819	12815437
b2819	12445778
b2819	11750819
b2819	11532156
b2819	11278066
b2819	11201749
b2819	8614617
b2819	7592661
b2819	7592660
b2819	7560868
b2819	7037768
b2819	3298248
b2819	3280962
b2819	2405161
b2819	2014257
b2819	1618858
b2819	395896
b2819	22621921
b2819	18310346
b2819	17141804
b2819	16702415
b2819	16377056
b2819	15063135
b2819	10884344
b2819	10766864
b2819	10731409
b2819	10480929
b2819	9167969
b2819	8682788
b2819	8159691
b2819	8051022
b2819	4884588
b2819	3053654
b2819	2180906
b2819	17903041
b2819	17395553
b2819	17000639
b2819	16772291
b2819	15049815
b2819	12057944
b2819	10498743
b2819	9029161
b2819	16452142
b2819	15687199
b2819	9791113
b2819	1911953
b2819	19837803
b2819	14616075
b2819	11532150
b2819	8080625
b2819	20304994
b2819	19236706
b2819	17932052
b2819	10447893
b2819	12486015
b2819	10585965
b2819	16670432
b2819	1310794
b2819	15450413
b2819	12718760
b2819	9632377
b2819	15947133
b2819	7968921
b2819	4205905
b2819	11917006
b2819	3537960
b2819	16738553
b2819	9278503
b2819	16397293
b2819	21873635
b2184	31035307
b2184	25425430
b2184	31665437
b2184	27519413
b2184	23565292
b2184	32644157
b2184	25049088
b2184	24561554
b2184	16738553
b2184	9278503
b2184	16397293
b4052	34139009
b4052	19841750
b4052	19435286
b4052	17629493
b4052	17154355
b4052	16377712
b4052	15687186
b4052	15381423
b4052	15381422
b4052	15304224
b4052	12633988
b4052	12590577
b4052	12408831
b4052	12206765
b4052	11901106
b4052	11489847
b4052	11061975
b4052	10684661
b4052	10656794
b4052	10460148
b4052	10460147
b4052	10419952
b4052	10404598
b4052	10404597
b4052	9679300
b4052	9553111
b4052	9535894
b4052	9485465
b4052	9254631
b4052	9070233
b4052	8917321
b4052	8755893
b4052	8652555
b4052	8648650
b4052	8626772
b4052	8479929
b4052	8380756
b4052	8227083
b4052	8161526
b4052	7989299
b4052	7980923
b4052	7789817
b4052	7727381
b4052	7662485
b4052	7612593
b4052	7532169
b4052	7476872
b4052	7037536
b4052	6990641
b4052	6323419
b4052	6319960
b4052	6274409
b4052	6262326
b4052	6262325
b4052	6262324
b4052	4604240
b4052	4580566
b4052	4551899
b4052	3514619
b4052	3020552
b4052	3007474
b4052	2991888
b4052	2165499
b4052	2154468
b4052	1631242
b4052	1336182
b4052	1103841
b4052	1092660
b4052	800985
b4052	384367
b4052	383382
b4052	374337
b4052	371681
b4052	206559
b4052	194597
b4052	145439
b4052	30797687
b4052	30582519
b4052	26812209
b4052	23562643
b4052	19880515
b4052	19569622
b4052	19527752
b4052	19432487
b4052	19298368
b4052	18708526
b4052	18223657
b4052	17851081
b4052	17420252
b4052	17367384
b4052	16981710
b4052	16814717
b4052	16254443
b4052	16148308
b4052	15939015
b4052	15836434
b4052	15797214
b4052	15649896
b4052	15584503
b4052	14557266
b4052	12864864
b4052	12767828
b4052	12421318
b4052	12087164
b4052	11551962
b4052	11493686
b4052	11250911
b4052	11078744
b4052	11031115
b4052	10972842
b4052	10833513
b4052	10651639
b4052	10645945
b4052	10601213
b4052	10549286
b4052	10480943
b4052	10356325
b4052	9852089
b4052	9562559
b4052	9525957
b4052	9037022
b4052	8917517
b4052	8702921
b4052	8702501
b4052	8596432
b4052	8051142
b4052	7031042
b4052	6323420
b4052	6252282
b4052	4925091
b4052	4589547
b4052	3038874
b4052	3034907
b4052	3032979
b4052	3026453
b4052	2990405
b4052	2556700
b4052	2536713
b4052	2536712
b4052	2525129
b4052	1847383
b4052	1828532
b4052	1740451
b4052	1657989
b4052	1093174
b4052	195932
b4052	144914
b4052	29070678
b4052	24596148
b4052	20487274
b4052	20129058
b4052	19941825
b4052	19632993
b4052	19502398
b4052	17369400
b4052	14526013
b4052	12954227
b4052	12559570
b4052	12161435
b4052	10748120
b4052	10080932
b4052	8106460
b4052	4943550
b4052	4938550
b4052	4577856
b4052	4570784
b4052	1317865
b4052	328896
b4052	17382604
b4052	16238625
b4052	15767782
b4052	15063135
b4052	7915843
b4052	3027511
b4052	2451828
b4052	19546317
b4052	16999830
b4052	11069680
b4052	16036556
b4052	9723907
b4052	9029161
b4052	8663104
b4052	9177997
b4052	1851552
b4052	15493325
b4052	11981561
b4052	15476890
b4052	1310794
b4052	4205905
b4052	15749022
b4052	8663105
b4052	8265357
b4052	6251087
b4052	16738554
b4052	15911532
b4052	15690043
b4052	24561554
b4052	16738553
b4052	9278503
b4052	16397293
b4052	21873635
b3783	33243850
b3783	32880587
b3783	30872584
b3783	29931073
b3783	29474582
b3783	28559482
b3783	28520932
b3783	27821776
b3783	22442304
b3783	20950626
b3783	20708016
b3783	19915588
b3783	19879839
b3783	19879832
b3783	19837672
b3783	19706412
b3783	19172759
b3783	19059415
b3783	19017803
b3783	17724015
b3783	17655325
b3783	17081977
b3783	16908525
b3783	16669631
b3783	16554712
b3783	15703178
b3783	15703177
b3783	15642265
b3783	15327943
b3783	14970217
b3783	14761943
b3783	14645267
b3783	13678611
b3783	12887917
b3783	12885245
b3783	12859904
b3783	12839449
b3783	12578379
b3783	12369827
b3783	12213656
b3783	12034708
b3783	11846552
b3783	11743718
b3783	11522828
b3783	11279220
b3783	11278821
b3783	11071888
b3783	10986119
b3783	10924100
b3783	10924099
b3783	10873452
b3783	10679466
b3783	10606522
b3783	10551822
b3783	10206972
b3783	10066795
b3783	9852059
b3783	9776750
b3783	9756883
b3783	9642055
b3783	9587002
b3783	9586995
b3783	9217257
b3783	9201946
b3783	9201945
b3783	9008362
b3783	8900401
b3783	8810302
b3783	8702947
b3783	8632473
b3783	8576105
b3783	8530466
b3783	8466900
b3783	8106476
b3783	8051015
b3783	7828920
b3783	7689228
b3783	7688721
b3783	7678562
b3783	7643387
b3783	7518246
b3783	7509071
b3783	7500353
b3783	7487110
b3783	7047751
b3783	6999171
b3783	6461649
b3783	6454004
b3783	6319959
b3783	6304634
b3783	6219991
b3783	6219230
b3783	6185141
b3783	6157829
b3783	6094973
b3783	6092221
b3783	4902144
b3783	4365581
b3783	4215034
b3783	3155859
b3783	3143717
b3783	3030561
b3783	3005256
b3783	2946869
b3783	2580303
b3783	2479757
b3783	2479756
b3783	2461932
b3783	2458348
b3783	2451029
b3783	2451028
b3783	2318834
b3783	2145282
b3783	2139646
b3783	1809843
b3783	1741399
b3783	1719216
b3783	1719215
b3783	1716628
b3783	1703923
b3783	1690711
b3783	1511872
b3783	1438233
b3783	1437555
b3783	1388163
b3783	1370624
b3783	1370623
b3783	1284680
b3783	1281318
b3783	1098042
b3783	765755
b3783	322147
b3783	148515
b3783	148514
b3783	144931
b3783	132662
b3783	131127
b3783	27605667
b3783	27023849
b3783	24499790
b3783	23207917
b3783	21040729
b3783	19409394
b3783	17998201
b3783	17599352
b3783	17384964
b3783	16321930
b3783	12180928
b3783	11566358
b3783	10820031
b3783	9988775
b3783	9887307
b3783	9878357
b3783	8052617
b3783	7030866
b3783	6286604
b3783	6199348
b3783	3881414
b3783	3276676
b3783	3050123
b3783	3018443
b3783	1846147
b3783	377279
b3783	370776
b3783	364481
b3783	33296676
b3783	22026368
b3783	21602341
b3783	19096362
b3783	18487194
b3783	14712716
b3783	9571053
b3783	9175854
b3783	7761393
b3783	7543478
b3783	7525972
b3783	6758952
b3783	6272063
b3783	6226847
b3783	2423505
b3783	321939
b3783	21673658
b3783	21602355
b3783	19150431
b3783	15836776
b3783	9723924
b3783	2664452
b3783	2451828
b3783	2409526
b3783	1722555
b3783	327077
b3783	11673423
b3783	11459181
b3783	1531224
b3783	12946345
b3783	1310794
b3783	17277072
b3783	3294419
b3783	10230401
b3783	18852508
b3783	1379743
b3783	11917006
b3783	15852340
b3783	9298646
b3783	17122336
b3783	16858726
b3783	14727089
b3783	19402753
b3783	17187058
b3783	15911532
b3783	15690043
b3783	16606699
b3783	18304323
b3783	24561554
b3783	16738553
b3783	9278503
b3783	16397293
b0059	21419241
b0059	18786404
b0059	18786392
b0059	17913745
b0059	11890942
b0059	11751638
b0059	11567013
b0059	10801781
b0059	8382805
b0059	19580329
b0059	11772406
b0059	9614128
b0059	9507009
b0059	17664315
b0059	2034216
b0059	353496
b0059	1577702
b0059	7651832
b0059	1630901
b0059	16818608
b0059	16849790
b0059	17187058
b0059	15690043
b0059	24561554
b0059	16738553
b0059	9278503
b0059	16397293
b1860	15210950
b1860	10844644
b1860	7626650
b1860	2529252
b1860	18942176
b1860	16864792
b1860	15292509
b1860	15292508
b1860	12940820
b1860	11551967
b1860	8918940
b1860	8832889
b1860	8780528
b1860	8521830
b1860	3279394
b1860	2693946
b1860	2005868
b1860	1617728
b1860	1435721
b1860	19399178
b1860	16895921
b1860	15556943
b1860	15126385
b1860	15093826
b1860	11090620
b1860	9160752
b1860	8770582
b1860	8631697
b1860	8041610
b1860	8001122
b1860	7929180
b1860	7642631
b1860	7045590
b1860	6374379
b1860	2842314
b1860	2164626
b1860	1617722
b1860	25138216
b1860	22194615
b1860	19657385
b1860	15867153
b1860	12150918
b1860	12107131
b1860	11884140
b1860	11766962
b1860	1608954
b1860	22957744
b1860	18606573
b1860	17322311
b1860	15351721
b1860	11069680
b1860	21219465
b1860	17395553
b1860	15167889
b1860	16904387
b1860	12391882
b1860	17466628
b1860	16472829
b1860	16424908
b1860	16164551
b1860	14616075
b1860	12511510
b1860	12142427
b1860	20304994
b1860	15177181
b1860	10931315
b1860	10447893
b1860	12486015
b1860	10585965
b1860	15375374
b1860	15450413
b1860	18586941
b1860	12718760
b1860	9632377
b1860	19747971
b1860	15947133
b1860	7968921
b1860	18824089
b1860	27718375
b1860	15852340
b1860	9097040
b1860	9047358
b1860	9442895
b1860	18304323
b1860	12054856
b1860	8433990
b1860	16738553
b1860	9278503
b1860	16397293
b1861	18369438
b1861	16324713
b1861	15167893
b1861	15155821
b1861	14597187
b1861	10890893
b1861	9628481
b1861	9493263
b1861	7885479
b1861	6328219
b1861	2995311
b1861	20601468
b1861	18942176
b1861	16864792
b1861	16213518
b1861	15292509
b1861	15292508
b1861	14568529
b1861	12940820
b1861	11551967
b1861	8918940
b1861	8832889
b1861	8780528
b1861	8521830
b1861	3279394
b1861	2693946
b1861	2005868
b1861	1617728
b1861	1435721
b1861	24036154
b1861	19399178
b1861	16895921
b1861	15556943
b1861	15126385
b1861	15093826
b1861	11090620
b1861	9160752
b1861	8770582
b1861	8631697
b1861	8041610
b1861	8001122
b1861	7929180
b1861	7642631
b1861	7045590
b1861	6374379
b1861	2842314
b1861	2164626
b1861	1617722
b1861	25138216
b1861	22194615
b1861	19806199
b1861	19657385
b1861	15867153
b1861	12446634
b1861	12150918
b1861	12107131
b1861	11884140
b1861	11766962
b1861	1608954
b1861	22957744
b1861	18606573
b1861	17322311
b1861	15351721
b1861	11069680
b1861	17395553
b1861	15167889
b1861	1885548
b1861	16904387
b1861	12391882
b1861	17466628
b1861	16472829
b1861	16424908
b1861	16164551
b1861	14616075
b1861	12511510
b1861	12142427
b1861	20304994
b1861	17932052
b1861	15177181
b1861	10931315
b1861	12486015
b1861	10585965
b1861	15375374
b1861	15450413
b1861	18586941
b1861	12718760
b1861	9632377
b1861	15947133
b1861	7968921
b1861	18824089
b1861	27718375
b1861	12627170
b1861	12368244
b1861	9097040
b1861	9442895
b1861	8433990
b1861	24561554
b1861	16738553
b1861	9278503
b1861	16397293
b3778	34081984
b3778	31028385
b3778	30690484
b3778	19788247
b3778	16251956
b3778	16251940
b3778	16236131
b3778	16009938
b3778	14757053
b3778	13129626
b3778	12441398
b3778	12374984
b3778	11428893
b3778	10329141
b3778	9454579
b3778	8816749
b3778	8811178
b3778	8652567
b3778	8639532
b3778	8392863
b3778	8376396
b3778	7981218
b3778	7981217
b3778	7947840
b3778	6234203
b3778	6112228
b3778	6112227
b3778	4903860
b3778	4616950
b3778	3029683
b3778	2999067
b3778	2959842
b3778	2524489
b3778	2153101
b3778	1658335
b3778	1533057
b3778	1321715
b3778	1313807
b3778	1100854
b3778	383240
b3778	221901
b3778	32449930
b3778	21320186
b3778	16045624
b3778	8918597
b3778	6286604
b3778	2522929
b3778	1819496
b3778	1650456
b3778	30869136
b3778	19941825
b3778	19851282
b3778	11886566
b3778	6226847
b3778	17382604
b3778	2176633
b3778	26244508
b3778	16677308
b3778	9079934
b3778	1925019
b3778	15565170
b3778	9029161
b3778	15716497
b3778	18567657
b3778	16424908
b3778	2985538
b3778	17416652
b3778	10931315
b3778	10447893
b3778	1310794
b3778	3294419
b3778	10835375
b3778	15749022
b3778	1379743
b3778	27718375
b3778	17122336
b3778	24561554
b3778	9288744
b3778	16738553
b3778	9278503
b3778	16397293
b3778	21873635
b0797	15169029
b0797	18083833
b0797	18165229
b0797	17557820
b0797	16935881
b0797	1931833
b0797	10361280
b0797	16766188
b0797	15554979
b0797	8037924
b0797	15196029
b0797	14527658
b0797	24580753
b0797	8905232
b0797	16606699
b0797	18304323
b0797	24561554
b0797	16738553
b0797	9278503
b0797	16397293
b3652	29982635
b3652	29432678
b3652	28155219
b3652	25613916
b3652	24692661
b3652	19818016
b3652	18689438
b3652	17292398
b3652	15695524
b3652	15516585
b3652	15065656
b3652	12898065
b3652	12142010
b3652	11684009
b3652	11595187
b3652	10778854
b3652	9380511
b3652	8428576
b3652	8388095
b3652	7526163
b3652	4938964
b3652	1846849
b3652	28078722
b3652	20647503
b3652	20601468
b3652	19538444
b3652	12554672
b3652	11864599
b3652	11053371
b3652	10224240
b3652	9236123
b3652	8955297
b3652	8331065
b3652	7957087
b3652	7774596
b3652	6374741
b3652	3517933
b3652	3331954
b3652	1741263
b3652	1653210
b3652	32644157
b3652	32357475
b3652	24036154
b3652	16257588
b3652	15743945
b3652	15306008
b3652	15126385
b3652	11459958
b3652	8770582
b3652	1938888
b3652	25138216
b3652	19657385
b3652	15867153
b3652	12446634
b3652	12150918
b3652	11766962
b3652	11459972
b3652	26244508
b3652	22957744
b3652	18606573
b3652	16677300
b3652	15351721
b3652	11157926
b3652	1544582
b3652	17000639
b3652	15049815
b3652	16904387
b3652	16472829
b3652	14616075
b3652	12946345
b3652	19236706
b3652	15387814
b3652	10585965
b3652	16670432
b3652	15450413
b3652	15225322
b3652	11350954
b3652	12718760
b3652	9632377
b3652	17272300
b3652	7968921
b3652	4205905
b3652	7686882
b3652	27718375
b3652	16849790
b3652	15690043
b3652	15629916
b3652	16738553
b3652	9278503
b3652	16397293
b3652	21873635
b1808	26544712
b1808	27150717
b1808	9097040
b1808	16738553
b1808	9278503
b1808	16397293
b1808	21873635
b0962	16442499
b0962	8335623
b0962	2822720
b0962	8647383
b0962	7868608
b0962	7635292
b0962	2542273
b0962	18084297
b0962	1310794
b0962	12900028
b0962	8905232
b0962	15690043
b0962	16606699
b0962	18304323
b0962	24561554
b0962	16738553
b0962	9278503
b0962	16397293
b0962	21873635
b1413	16139517
b1413	7899078
b1413	15186427
b1413	16738553
b1413	9278503
b1413	16397293
b1413	21873635
b2822	22603793
b2822	27220465
b2822	18395743
b2822	12072448
b2822	10830968
b2822	6458768
b2822	6389498
b2822	4909471
b2822	3911029
b2822	3155726
b2822	123277
b2822	33154402
b2822	30601118
b2822	30189098
b2822	28369478
b2822	27644322
b2822	26003632
b2822	19254546
b2822	19052323
b2822	18668125
b2822	18656489
b2822	18562643
b2822	18079176
b2822	18043749
b2822	18022364
b2822	17583735
b2822	17544443
b2822	17110484
b2822	16901504
b2822	16887145
b2822	16854534
b2822	16388588
b2822	16126227
b2822	16041061
b2822	16005583
b2822	15808933
b2822	15749023
b2822	15538360
b2822	15538349
b2822	15254271
b2822	15165848
b2822	15165847
b2822	15095979
b2822	13678587
b2822	12954787
b2822	12815438
b2822	12815437
b2822	12445778
b2822	11750819
b2822	11532156
b2822	11201749
b2822	10197989
b2822	8614617
b2822	7592661
b2822	7592660
b2822	7560868
b2822	7037768
b2822	4927675
b2822	4898990
b2822	3534791
b2822	3298248
b2822	3280962
b2822	2405161
b2822	2014257
b2822	1618858
b2822	395896
b2822	22621921
b2822	18310346
b2822	17141804
b2822	16936035
b2822	16377056
b2822	15063135
b2822	10884344
b2822	10766864
b2822	10731409
b2822	10480929
b2822	9167969
b2822	8682788
b2822	8159691
b2822	8051022
b2822	6287923
b2822	4884588
b2822	4248156
b2822	2180906
b2822	1094463
b2822	9402028
b2822	6317651
b2822	21219465
b2822	17903041
b2822	17395553
b2822	17000639
b2822	16772291
b2822	15925551
b2822	15687190
b2822	15167889
b2822	15049815
b2822	12057944
b2822	10498743
b2822	9029161
b2822	6295393
b2822	6227609
b2822	3520484
b2822	9791113
b2822	1911953
b2822	19837803
b2822	14616075
b2822	11532150
b2822	10923257
b2822	12511510
b2822	11114909
b2822	8080625
b2822	20304994
b2822	19236706
b2822	17932052
b2822	11436549
b2822	10447893
b2822	12486015
b2822	10585965
b2822	16670432
b2822	15375374
b2822	1310794
b2822	15450413
b2822	18586941
b2822	12718760
b2822	9632377
b2822	7968921
b2822	4205905
b2822	12754220
b2822	18824089
b2822	27718375
b2822	16606699
b2822	16738553
b2822	9278503
b2822	16397293
b2822	21873635
b1114	29679003
b1114	29224782
b1114	25961799
b1114	24554077
b1114	22960746
b1114	21185303
b1114	18707026
b1114	17239578
b1114	16511235
b1114	15177049
b1114	15063847
b1114	14712710
b1114	14602898
b1114	12787667
b1114	12658334
b1114	12086674
b1114	12086609
b1114	8465200
b1114	7968917
b1114	7876262
b1114	7876261
b1114	1438310
b1114	22331906
b1114	17998201
b1114	17532270
b1114	16469698
b1114	16309703
b1114	15687384
b1114	15509868
b1114	12554672
b1114	10556027
b1114	15961353
b1114	15913669
b1114	15827613
b1114	9675244
b1114	19183285
b1114	8244919
b1114	1763073
b1114	12486015
b1114	15757896
b1114	8905232
b1114	18304323
b1114	16738553
b1114	9278503
b1114	16397293
b1114	21873635
b0779	23058633
b0779	19681599
b0779	18638572
b0779	17040104
b0779	15065864
b0779	15065863
b0779	11697728
b0779	10946234
b0779	10631326
b0779	10488135
b0779	9694852
b0779	9525874
b0779	9230288
b0779	8702928
b0779	7005695
b0779	6802798
b0779	6280873
b0779	6273801
b0779	6273578
b0779	3515321
b0779	3008099
b0779	378961
b0779	33302090
b0779	20227373
b0779	19549864
b0779	17709303
b0779	16309703
b0779	15308661
b0779	12079335
b0779	11421287
b0779	10713124
b0779	10371161
b0779	9857018
b0779	9545548
b0779	9506888
b0779	9049317
b0779	9049316
b0779	9030538
b0779	8637504
b0779	29240933
b0779	19762288
b0779	19208629
b0779	18452313
b0779	18029662
b0779	17630776
b0779	16939226
b0779	16793370
b0779	16167825
b0779	16140472
b0779	14644316
b0779	14580212
b0779	12145219
b0779	11157766
b0779	11101153
b0779	10811888
b0779	9582319
b0779	9430653
b0779	9425079
b0779	8811174
b0779	7556074
b0779	6380755
b0779	2407949
b0779	19208636
b0779	17898841
b0779	15913669
b0779	10469667
b0779	8444906
b0779	3024109
b0779	2690930
b0779	2546148
b0779	2525700
b0779	1710617
b0779	1649829
b0779	19458048
b0779	19183285
b0779	19100865
b0779	11818552
b0779	11506801
b0779	11004168
b0779	8244919
b0779	3052275
b0779	1763073
b0779	19516334
b0779	6292053
b0779	1530937
b0779	17028021
b0779	15475187
b0779	11084598
b0779	12068813
b0779	15375374
b0779	1310794
b0779	15947133
b0779	4205905
b0779	15883881
b0779	27718375
b0779	12627170
b0779	12368244
b0779	8905232
b0779	24561554
b0779	16738553
b0779	9278503
b0779	16397293
b3066	32463447
b3066	25970034
b3066	18452509
b3066	18193061
b3066	17644524
b3066	17350255
b3066	17010164
b3066	16672615
b3066	16559102
b3066	16306995
b3066	16285921
b3066	14711519
b3066	12475230
b3066	10873470
b3066	10741967
b3066	10651640
b3066	10630993
b3066	10360938
b3066	9632699
b3066	9500915
b3066	9043135
b3066	9012670
b3066	8679581
b3066	8527445
b3066	8519767
b3066	8509429
b3066	8308039
b3066	8206956
b3066	8206839
b3066	8119951
b3066	7541046
b3066	6985903
b3066	6758324
b3066	6750604
b3066	6384728
b3066	6355106
b3066	6338495
b3066	6283308
b3066	6244591
b3066	6214788
b3066	4603161
b3066	4554355
b3066	3900047
b3066	3886637
b3066	3536848
b3066	3523437
b3066	2850370
b3066	2664448
b3066	2542261
b3066	2408271
b3066	1740453
b3066	1740452
b3066	1511009
b3066	1097446
b3066	340457
b3066	23430154
b3066	22018490
b3066	19945481
b3066	18223657
b3066	17851081
b3066	17367384
b3066	16045624
b3066	15939015
b3066	15649896
b3066	14557266
b3066	12009693
b3066	11703672
b3066	10833513
b3066	10651639
b3066	10480943
b3066	9226268
b3066	8917517
b3066	8702921
b3066	6993850
b3066	6380764
b3066	4946856
b3066	4925091
b3066	2646283
b3066	1828532
b3066	1740451
b3066	392509
b3066	144914
b3066	29070678
b3066	15066028
b3066	7685758
b3066	6294475
b3066	6222240
b3066	6206376
b3066	6186393
b3066	4570784
b3066	3301836
b3066	18237749
b3066	15359283
b3066	16036556
b3066	9723907
b3066	8663104
b3066	9989506
b3066	9093842
b3066	1832149
b3066	355225
b3066	1851552
b3066	1531480
b3066	4205905
b3066	8663105
b3066	18824089
b3066	15690043
b3066	24561554
b3066	16738553
b3066	9278503
b3066	16397293
b3066	21873635
b4179	29036353
b4179	27022019
b4179	26627888
b4179	25931119
b4179	24517631
b4179	24133211
b4179	21465561
b4179	20023028
b4179	19630750
b4179	19361424
b4179	19004832
b4179	17405875
b4179	16893880
b4179	16135521
b4179	1400189
b4179	336626
b4179	33082262
b4179	25757888
b4179	22124017
b4179	21981926
b4179	18337246
b4179	16556233
b4179	15664199
b4179	21527473
b4179	20688916
b4179	19103951
b4179	18606734
b4179	17242308
b4179	17087776
b4179	16682442
b4179	16563345
b4179	3058695
b4179	22879590
b4179	19161851
b4179	17557820
b4179	19617368
b4179	19215777
b4179	14622421
b4179	11248028
b4179	15094797
b4179	17447862
b4179	18388495
b4179	14527658
b4179	7610040
b4179	11948193
b4179	9603904
b4179	18304323
b4179	16738553
b4179	9278503
b4179	16397293
b4179	21873635
b2474	355249
b2474	18668122
b2474	9205837
b2474	19322199
b2474	11574054
b2474	16738553
b2474	9278503
b2474	16397293
b2474	21873635
b4059	33434279
b4059	28782560
b4059	28127816
b4059	28078720
b4059	25562210
b4059	24792418
b4059	24606314
b4059	24296671
b4059	24288378
b4059	24021816
b4059	22549990
b4059	21784244
b4059	21572106
b4059	21504984
b4059	20360609
b4059	19925793
b4059	19749191
b4059	19681050
b4059	19199570
b4059	18986999
b4059	18937104
b4059	18032436
b4059	17490681
b4059	17392343
b4059	16724111
b4059	16677671
b4059	16618108
b4059	16549871
b4059	15823024
b4059	15770476
b4059	15297146
b4059	15169953
b4059	12906901
b4059	12866869
b4059	12437125
b4059	12373756
b4059	10932248
b4059	10731701
b4059	9184154
b4059	7042342
b4059	7037753
b4059	6384214
b4059	6363409
b4059	6351061
b4059	6270666
b4059	4610564
b4059	4566449
b4059	3301414
b4059	2991853
b4059	2142938
b4059	2087220
b4059	1988680
b4059	1917872
b4059	1627560
b4059	1383090
b4059	1090613
b4059	227832
b4059	221903
b4059	29326044
b4059	29059328
b4059	28928411
b4059	28078722
b4059	27519413
b4059	25138217
b4059	23629733
b4059	23430154
b4059	23036643
b4059	20972214
b4059	20018747
b4059	19847254
b4059	19820696
b4059	19527069
b4059	19199566
b4059	19150358
b4059	18591666
b4059	18556658
b4059	16488881
b4059	15256542
b4059	15252043
b4059	14530291
b4059	12867746
b4059	12087164
b4059	12009693
b4059	11279060
b4059	11087374
b4059	10782989
b4059	9463393
b4059	9282736
b4059	9139905
b4059	6371470
b4059	6273577
b4059	6244589
b4059	1533628
b4059	33450019
b4059	32900829
b4059	32357475
b4059	28605670
b4059	26381353
b4059	25329071
b4059	20329707
b4059	18570879
b4059	18385131
b4059	18223256
b4059	12909639
b4059	2148967
b4059	1374377
b4059	21857649
b4059	19519521
b4059	17483090
b4059	15955821
b4059	11084028
b4059	8962075
b4059	26244508
b4059	10726772
b4059	8483906
b4059	7962001
b4059	16387652
b4059	12888503
b4059	9989506
b4059	10715006
b4059	9722585
b4059	9545254
b4059	1851552
b4059	17932052
b4059	15598612
b4059	9632377
b4059	15576682
b4059	17379704
b4059	17015655
b4059	7968921
b4059	17224607
b4059	17803906
b4059	19451222
b4059	18852508
b4059	12107143
b4059	9192620
b4059	8265357
b4059	17567612
b4059	15852340
b4059	12627170
b4059	12368244
b4059	16738554
b4059	15690043
b4059	18304323
b4059	15276832
b4059	24561554
b4059	16738553
b4059	9278503
b4059	16397293
b4059	21873635
b3296	24522531
b3296	21821049
b3296	12897024
b3296	8643369
b3296	7836385
b3296	6757661
b3296	6355760
b3296	6211432
b3296	4943794
b3296	3820298
b3296	2470510
b3296	2443719
b3296	2112408
b3296	1100394
b3296	32871103
b3296	28483689
b3296	15652481
b3296	4589343
b3296	387752
b3296	325371
b3296	19776006
b3296	19616559
b3296	16359340
b3296	6445562
b3296	4912319
b3296	3309351
b3296	385889
b3296	2989779
b3296	1108010
b3296	6154696
b3296	3697092
b3296	2685320
b3296	372747
b3296	19667755
b3296	6379605
b3296	12150913
b3296	6222285
b3296	4587209
b3296	17277072
b3296	2461734
b3296	4579428
b3296	4942549
b3296	18784650
b3296	15680962
b3296	799248
b3296	3297162
b3296	18287020
b3296	19696352
b3296	16272117
b3296	10094780
b3296	19913480
b3296	22157000
b3296	18852508
b3296	11917006
b3296	15852340
b3296	16738554
b3296	17187058
b3296	15690043
b3296	16606699
b3296	18304323
b3296	14973029
b3296	7559430
b3296	4587210
b3296	11447122
b3296	15466596
b3296	24561554
b3296	16738553
b3296	9278503
b3296	16397293
b3296	21873635
b1084	31802130
b1084	30852060
b1084	30462307
b1084	28167522
b1084	25404697
b1084	23275245
b1084	22509045
b1084	22074454
b1084	19889093
b1084	19320830
b1084	19215779
b1084	19161847
b1084	19161845
b1084	19161840
b1084	18990179
b1084	18976283
b1084	18945808
b1084	18691600
b1084	18689439
b1084	18660536
b1084	17164000
b1084	16854990
b1084	16204212
b1084	15966903
b1084	15811923
b1084	15779893
b1084	15312761
b1084	14685649
b1084	14636052
b1084	12947103
b1084	12907711
b1084	12421303
b1084	12402322
b1084	12169588
b1084	12169587
b1084	11929550
b1084	11919204
b1084	11849544
b1084	11722748
b1084	11586907
b1084	11586906
b1084	11115119
b1084	10817759
b1084	10411735
b1084	9917389
b1084	9790196
b1084	9620980
b1084	9422514
b1084	9106202
b1084	8972776
b1084	8915530
b1084	8643409
b1084	8568879
b1084	8412702
b1084	8182758
b1084	8001821
b1084	7608061
b1084	7592853
b1084	7533896
b1084	7511606
b1084	7505337
b1084	6339234
b1084	6291529
b1084	6154688
b1084	6154687
b1084	3061803
b1084	2477358
b1084	2414455
b1084	2199322
b1084	2013571
b1084	2011493
b1084	1943710
b1084	1925020
b1084	1846032
b1084	1730408
b1084	1715977
b1084	1713282
b1084	1712252
b1084	1708438
b1084	1653948
b1084	33788929
b1084	19778900
b1084	19426759
b1084	19327365
b1084	19215771
b1084	19161846
b1084	19018589
b1084	18682225
b1084	18395239
b1084	18342642
b1084	18337249
b1084	18177308
b1084	18092807
b1084	17612492
b1084	17234211
b1084	16725107
b1084	16516921
b1084	16081101
b1084	15867149
b1084	15632310
b1084	14729690
b1084	14622415
b1084	12492855
b1084	12417756
b1084	12207699
b1084	12051911
b1084	11722741
b1084	11566192
b1084	10871599
b1084	10762247
b1084	9889289
b1084	9887307
b1084	9707438
b1084	9695924
b1084	9402020
b1084	9383156
b1084	9037114
b1084	8320240
b1084	8093559
b1084	7649446
b1084	7575538
b1084	7542588
b1084	7516438
b1084	2578448
b1084	1704367
b1084	1704067
b1084	1534325
b1084	1447789
b1084	1370457
b1084	26531825
b1084	22026368
b1084	21126315
b1084	19733517
b1084	19717586
b1084	18756093
b1084	17981836
b1084	16563345
b1084	16483707
b1084	15197283
b1084	12864847
b1084	12533474
b1084	12427937
b1084	12000793
b1084	11871663
b1084	11453682
b1084	10594833
b1084	10047480
b1084	8915531
b1084	8830280
b1084	8760895
b1084	7517486
b1084	2459106
b1084	2417233
b1084	2192232
b1084	1691299
b1084	31116083
b1084	23305111
b1084	20729366
b1084	19215772
b1084	18165229
b1084	17395638
b1084	17383928
b1084	16549791
b1084	15781494
b1084	12051840
b1084	12035760
b1084	11432845
b1084	10809669
b1084	7519147
b1084	1943711
b1084	1722976
b1084	18990188
b1084	17213667
b1084	16816186
b1084	16166379
b1084	15236960
b1084	14981237
b1084	14654705
b1084	12578824
b1084	12207692
b1084	11134527
b1084	10521403
b1084	9933592
b1084	9732274
b1084	8632981
b1084	8610017
b1084	7891559
b1084	7732015
b1084	1375563
b1084	19215777
b1084	17383224
b1084	17242352
b1084	15522087
b1084	14731278
b1084	10535935
b1084	9642084
b1084	9383162
b1084	8682798
b1084	7489504
b1084	19144914
b1084	15550566
b1084	10361280
b1084	16766188
b1084	15554979
b1084	12975324
b1084	10926508
b1084	10329633
b1084	8415644
b1084	6163761
b1084	1713283
b1084	1474579
b1084	365352
b1084	19667755
b1084	17982174
b1084	12665241
b1084	11952897
b1084	17447862
b1084	7510217
b1084	18033800
b1084	369943
b1084	18510556
b1084	16771842
b1084	16139413
b1084	10844684
b1084	17264113
b1084	15554978
b1084	9501232
b1084	16237448
b1084	11917006
b1084	14561880
b1084	13678585
b1084	12627170
b1084	12368244
b1084	7534403
b1084	8905232
b1084	11390393
b1084	16738554
b1084	17187058
b1084	15911532
b1084	15690043
b1084	24561554
b1084	16738553
b1084	9278503
b1084	16397293
b1084	21873635
b3303	24671761
b3303	17053085
b3303	5318092
b3303	4904980
b3303	4589342
b3303	4273819
b3303	1105158
b3303	129673
b3303	128550
b3303	18466225
b3303	4589343
b3303	385889
b3303	2671655
b3303	9013882
b3303	8658142
b3303	1712292
b3303	9271564
b3303	2660905
b3303	12150913
b3303	9973556
b3303	6222285
b3303	2461734
b3303	4579428
b3303	4942549
b3303	18784650
b3303	15680962
b3303	3297162
b3303	19696352
b3303	16272117
b3303	10094780
b3303	19913480
b3303	11917006
b3303	15852340
b3303	16738554
b3303	17187058
b3303	15690043
b3303	16606699
b3303	18304323
b3303	14973029
b3303	363452
b3303	2459389
b3303	15466596
b3303	24561554
b3303	2828880
b3303	16738553
b3303	9278503
b3303	16397293
b3303	21873635
b2533	31020314
b2533	26980831
b2533	17652087
b2533	10747806
b2533	8831954
b2533	8002619
b2533	32871103
b2533	31127279
b2533	8589060
b2533	6389495
b2533	2138605
b2533	1847383
b2533	2180922
b2533	16738554
b2533	17187058
b2533	15911532
b2533	18304323
b2533	24561554
b2533	16738553
b2533	9278503
b2533	16397293
b2533	21873635
b2779	20823555
b2779	12054465
b2779	11676541
b2779	8988374
b2779	4942326
b2779	410789
b2779	16516921
b2779	3514618
b2779	374393
b2779	20729366
b2779	18078441
b2779	16275923
b2779	12035760
b2779	15236960
b2779	14981237
b2779	12207692
b2779	11134527
b2779	10521403
b2779	9933592
b2779	9732274
b2779	8632981
b2779	8610017
b2779	7891559
b2779	17383224
b2779	17242352
b2779	15522087
b2779	14731278
b2779	10535935
b2779	9732527
b2779	9642084
b2779	9383162
b2779	8682798
b2779	368027
b2779	16766188
b2779	15581566
b2779	15554979
b2779	19667755
b2779	16115199
b2779	7510217
b2779	16051146
b2779	16139413
b2779	18823050
b2779	16937252
b2779	15554978
b2779	9501232
b2779	17122063
b2779	9600841
b2779	9740056
b2779	15004283
b2779	18852508
b2779	15852340
b2779	11390393
b2779	9298646
b2779	17309111
b2779	16858726
b2779	16738554
b2779	19402753
b2779	17187058
b2779	15911532
b2779	15690043
b2779	18304323
b2779	16738553
b2779	9278503
b2779	16397293
b2779	21873635
b0098	33446830
b0098	33058437
b0098	32416191
b0098	32241912
b0098	31409676
b0098	28924213
b0098	28404644
b0098	27856243
b0098	26854513
b0098	25264203
b0098	24443566
b0098	23585536
b0098	23126322
b0098	21397193
b0098	21337475
b0098	21304597
b0098	21292166
b0098	21104364
b0098	19383489
b0098	19273842
b0098	18772144
b0098	18761349
b0098	18723626
b0098	18602400
b0098	18065528
b0098	18050893
b0098	17530158
b0098	17416585
b0098	17229438
b0098	17166834
b0098	17142391
b0098	17084862
b0098	17005557
b0098	16783375
b0098	16756762
b0098	16243836
b0098	16229488
b0098	16046390
b0098	15897468
b0098	15710614
b0098	15710424
b0098	15618215
b0098	15260479
b0098	15007058
b0098	14621992
b0098	14597695
b0098	12946344
b0098	12642659
b0098	12454053
b0098	12403785
b0098	12198149
b0098	11969418
b0098	11910030
b0098	11825907
b0098	11277996
b0098	10998167
b0098	10835419
b0098	10817687
b0098	10747939
b0098	10744698
b0098	10594836
b0098	10514469
b0098	9724540
b0098	9565549
b0098	9405359
b0098	9398216
b0098	9287332
b0098	9207202
b0098	9171334
b0098	8861203
b0098	8522532
b0098	8021205
b0098	7968527
b0098	7585259
b0098	7026050
b0098	6279567
b0098	3881385
b0098	2846186
b0098	2542029
b0098	1837021
b0098	1531961
b0098	31206019
b0098	28928132
b0098	28862749
b0098	27183269
b0098	26129641
b0098	25534082
b0098	24906156
b0098	21037004
b0098	20512970
b0098	19853580
b0098	19393172
b0098	19244616
b0098	18978043
b0098	18359943
b0098	17964601
b0098	17704542
b0098	17669421
b0098	17433305
b0098	17419072
b0098	17418789
b0098	16731972
b0098	16713584
b0098	16601117
b0098	16352850
b0098	16194224
b0098	16186099
b0098	16169560
b0098	16115882
b0098	15811382
b0098	15713839
b0098	15063851
b0098	15010547
b0098	14616079
b0098	14594848
b0098	14517549
b0098	12511485
b0098	12466262
b0098	11948148
b0098	11477104
b0098	11108843
b0098	10986266
b0098	10852867
b0098	10833277
b0098	10807917
b0098	10521500
b0098	10446151
b0098	10322000
b0098	10213615
b0098	10037778
b0098	9829959
b0098	9767586
b0098	9701825
b0098	9649433
b0098	9369228
b0098	9321390
b0098	9135078
b0098	9111035
b0098	9020978
b0098	9020977
b0098	8955279
b0098	8647840
b0098	8537339
b0098	2846545
b0098	2536662
b0098	2170023
b0098	2146254
b0098	2139227
b0098	1830665
b0098	24858081
b0098	24275657
b0098	21255212
b0098	19823765
b0098	19533031
b0098	18923526
b0098	18022369
b0098	17060619
b0098	16890955
b0098	15951436
b0098	15302932
b0098	15125234
b0098	14507362
b0098	11914356
b0098	8895566
b0098	8548804
b0098	8175698
b0098	3087952
b0098	2202721
b0098	1833384
b0098	1531482
b0098	28945742
b0098	27613865
b0098	22304380
b0098	22033925
b0098	20479269
b0098	19366685
b0098	18761620
b0098	17011510
b0098	16731973
b0098	16242710
b0098	15850376
b0098	15546659
b0098	15476412
b0098	15210351
b0098	15175309
b0098	14722060
b0098	12941690
b0098	10931878
b0098	10913619
b0098	9425040
b0098	7650029
b0098	2841285
b0098	2167176
b0098	19924216
b0098	19656854
b0098	17727816
b0098	17360615
b0098	15937162
b0098	14618254
b0098	14594846
b0098	14530384
b0098	13129941
b0098	13129940
b0098	12771143
b0098	10931320
b0098	10675323
b0098	9928475
b0098	7665473
b0098	2824434
b0098	16513637
b0098	14578344
b0098	11454216
b0098	9393454
b0098	8407783
b0098	2281528
b0098	19158385
b0098	16080708
b0098	9184221
b0098	18819916
b0098	15516557
b0098	10781078
b0098	16490356
b0098	11309115
b0098	16153172
b0098	11051763
b0098	22157000
b0098	21635582
b0098	16294310
b0098	1630901
b0098	16079137
b0098	16858726
b0098	16738554
b0098	17187058
b0098	15690043
b0098	16381841
b0098	9305629
b0098	16120599
b0098	15488768
b0098	24561554
b0098	16738553
b0098	9278503
b0098	16397293
b0098	21873635
b0911	31832686
b0911	30177741
b0911	24339747
b0911	22908248
b0911	19605565
b0911	17616604
b0911	17130171
b0911	16923895
b0911	16775305
b0911	15687198
b0911	15340139
b0911	14627832
b0911	12358433
b0911	11902720
b0911	11593008
b0911	11483525
b0911	11101533
b0911	11004188
b0911	9677288
b0911	9451450
b0911	9054345
b0911	8287975
b0911	8274171
b0911	7041110
b0911	7037393
b0911	6450872
b0911	6267426
b0911	6212755
b0911	3513769
b0911	3371185
b0911	3017949
b0911	2120211
b0911	2011495
b0911	342903
b0911	33231643
b0911	22412910
b0911	18211890
b0911	17038497
b0911	15564671
b0911	15215335
b0911	12457560
b0911	9781681
b0911	8973312
b0911	6384724
b0911	6281725
b0911	3159903
b0911	3011749
b0911	17901153
b0911	17046813
b0911	16890206
b0911	16245700
b0911	15494393
b0911	12730326
b0911	12677067
b0911	12068815
b0911	7836281
b0911	3518706
b0911	19969548
b0911	18648071
b0911	16781472
b0911	7783627
b0911	5472468
b0911	5472467
b0911	4640466
b0911	4624757
b0911	4610144
b0911	4606566
b0911	4208476
b0911	1534259
b0911	382992
b0911	12834354
b0911	344309
b0911	11248028
b0911	15090508
b0911	6361486
b0911	16381838
b0911	18388495
b0911	4942549
b0911	18784650
b0911	15680962
b0911	3297162
b0911	9600841
b0911	22157000
b0911	18852508
b0911	11917006
b0911	8905232
b0911	11390393
b0911	9298646
b0911	16858726
b0911	16738554
b0911	17187058
b0911	9008164
b0911	14973029
b0911	15466596
b0911	16738553
b0911	9278503
b0911	16397293
b0911	21873635
b3702	32458540
b3702	31665475
b3702	31535134
b3702	29800247
b3702	29040689
b3702	27941026
b3702	27706629
b3702	24574433
b3702	23990329
b3702	23595001
b3702	23277577
b3702	23092251
b3702	21895796
b3702	21299647
b3702	19833870
b3702	19737351
b3702	19636826
b3702	19502409
b3702	19451214
b3702	19401329
b3702	19170875
b3702	19045832
b3702	18957591
b3702	18714349
b3702	18312360
b3702	18216012
b3702	18208390
b3702	17850252
b3702	17719583
b3702	17680349
b3702	17042785
b3702	16980453
b3702	16979349
b3702	16740964
b3702	16517983
b3702	16338685
b3702	16077105
b3702	15901724
b3702	15878847
b3702	15790315
b3702	15715953
b3702	15715952
b3702	15642730
b3702	15588821
b3702	15470709
b3702	15371441
b3702	15358580
b3702	15325245
b3702	15283168
b3702	15258248
b3702	15189445
b3702	14978287
b3702	14756777
b3702	14712658
b3702	14523560
b3702	14507385
b3702	12682358
b3702	12654908
b3702	12535074
b3702	12435387
b3702	12366847
b3702	12366845
b3702	12132668
b3702	11872171
b3702	11853554
b3702	11700030
b3702	11690638
b3702	11454196
b3702	11309131
b3702	11254969
b3702	11250912
b3702	11160809
b3702	11102450
b3702	10937439
b3702	10816432
b3702	10788614
b3702	10762265
b3702	10749858
b3702	10731659
b3702	10712700
b3702	10660626
b3702	10652106
b3702	10581238
b3702	10572294
b3702	10540285
b3702	10497067
b3702	10417640
b3702	10320350
b3702	10234818
b3702	9819062
b3702	9786858
b3702	9765205
b3702	9622363
b3702	9535097
b3702	9478970
b3702	9473485
b3702	9417934
b3702	9351837
b3702	9299320
b3702	9297181
b3702	9287298
b3702	9125116
b3702	9106220
b3702	8914519
b3702	8858585
b3702	8820637
b3702	8810275
b3702	8784207
b3702	8670850
b3702	8663334
b3702	8573119
b3702	8407830
b3702	8377183
b3702	8227025
b3702	8022267
b3702	7896719
b3702	7867947
b3702	7744016
b3702	7721846
b3702	7667087
b3702	7615570
b3702	7592447
b3702	7033562
b3702	7000752
b3702	6450869
b3702	6327277
b3702	6310593
b3702	6094968
b3702	6091903
b3702	4924005
b3702	4601460
b3702	3037524
b3702	3036372
b3702	3031019
b3702	3025553
b3702	3020005
b3702	2995766
b3702	2981626
b3702	2845401
b3702	2844794
b3702	2839499
b3702	2835364
b3702	2835363
b3702	2828882
b3702	2828328
b3702	2820940
b3702	2820938
b3702	2558436
b3702	2548849
b3702	2542031
b3702	2541928
b3702	2539372
b3702	2458841
b3702	2153124
b3702	2088506
b3702	1925015
b3702	1925008
b3702	1921968
b3702	1904539
b3702	1860829
b3702	1766443
b3702	1697508
b3702	1603077
b3702	1512219
b3702	1495477
b3702	1429655
b3702	1291230
b3702	337131
b3702	26246199
b3702	25378325
b3702	23679057
b3702	22716942
b3702	20132442
b3702	19527752
b3702	19400775
b3702	19007419
b3702	18835566
b3702	18502852
b3702	17699754
b3702	17420252
b3702	17316685
b3702	17114060
b3702	16321957
b3702	16298387
b3702	16225979
b3702	15939703
b3702	15758241
b3702	15326179
b3702	12940821
b3702	12864864
b3702	12826057
b3702	12730188
b3702	12421318
b3702	12106913
b3702	11894964
b3702	11839737
b3702	11683257
b3702	11551962
b3702	11254971
b3702	11122375
b3702	10972842
b3702	10931356
b3702	10844678
b3702	10844646
b3702	10601213
b3702	10549286
b3702	9852089
b3702	9525957
b3702	9254708
b3702	8995231
b3702	8954109
b3702	8917437
b3702	8901558
b3702	8825783
b3702	8824628
b3702	8702501
b3702	6453739
b3702	6449652
b3702	6296774
b3702	6258023
b3702	6234204
b3702	4946856
b3702	3054487
b3702	2854096
b3702	2830261
b3702	2540187
b3702	2229074
b3702	1577750
b3702	1555241
b3702	1429656
b3702	627535
b3702	160413
b3702	160412
b3702	32011760
b3702	24443848
b3702	21708944
b3702	21527473
b3702	21288885
b3702	20487274
b3702	20129058
b3702	19632993
b3702	19170757
b3702	18284581
b3702	18179598
b3702	17376077
b3702	17369400
b3702	17087773
b3702	16855240
b3702	16670681
b3702	16603382
b3702	16518617
b3702	15150238
b3702	14526013
b3702	12161435
b3702	11309120
b3702	11263490
b3702	11157955
b3702	11080169
b3702	10692160
b3702	9674428
b3702	8106460
b3702	8045420
b3702	6329723
b3702	4598003
b3702	2851700
b3702	1883890
b3702	1736096
b3702	19432804
b3702	17459114
b3702	16359333
b3702	15611053
b3702	14982629
b3702	2176633
b3702	19546317
b3702	17529976
b3702	16482221
b3702	15588282
b3702	12366835
b3702	10513610
b3702	2546042
b3702	16036556
b3702	14643657
b3702	9723907
b3702	28166228
b3702	15716497
b3702	12479794
b3702	9119048
b3702	2834694
b3702	355225
b3702	12511510
b3702	1851552
b3702	3931918
b3702	12068813
b3702	8830270
b3702	10551881
b3702	10515926
b3702	11401685
b3702	18823050
b3702	18977760
b3702	11483528
b3702	4205905
b3702	16041320
b3702	15569148
b3702	12700277
b3702	15123823
b3702	16882985
b3702	7686882
b3702	17366475
b3702	16738554
b3702	1779750
b3702	15690043
b3702	16753031
b3702	18304323
b3702	24561554
b3702	16738553
b3702	9278503
b3702	16397293
b3702	21873635
b0890	28358835
b0890	24302254
b0890	24214995
b0890	23781109
b0890	21371996
b0890	21091498
b0890	20298190
b0890	20081205
b0890	20033058
b0890	19243443
b0890	19170870
b0890	19057667
b0890	18363794
b0890	17805344
b0890	17511809
b0890	17376083
b0890	17291612
b0890	17082786
b0890	17041598
b0890	16301526
b0890	16211009
b0890	15916604
b0890	15821742
b0890	15681387
b0890	15554958
b0890	15522074
b0890	15167891
b0890	12947413
b0890	12034757
b0890	11864592
b0890	10922461
b0890	10869097
b0890	9829960
b0890	9723927
b0890	9495771
b0890	31971820
b0890	30154462
b0890	17071748
b0890	16204186
b0890	15065657
b0890	14617144
b0890	12081949
b0890	10931298
b0890	9723913
b0890	9294448
b0890	7592387
b0890	27708355
b0890	26324908
b0890	24101525
b0890	19854947
b0890	19246541
b0890	18191346
b0890	17376066
b0890	17041597
b0890	15031713
b0890	14633998
b0890	12864855
b0890	11847116
b0890	11832210
b0890	11251811
b0890	10760161
b0890	10523315
b0890	10027974
b0890	9721304
b0890	8402918
b0890	7838714
b0890	7744017
b0890	7729430
b0890	1931824
b0890	1657123
b0890	16553881
b0890	12939258
b0890	11459952
b0890	1577702
b0890	18759781
b0890	11948172
b0890	10476036
b0890	17542921
b0890	11786251
b0890	8168483
b0890	16621809
b0890	16194242
b0890	15630023
b0890	2254268
b0890	18832310
b0890	17376071
b0890	14663069
b0890	15387814
b0890	15752189
b0890	16824093
b0890	16824090
b0890	18586941
b0890	15491352
b0890	11401685
b0890	11703663
b0890	17185541
b0890	15466593
b0890	11114887
b0890	18722176
b0890	17057717
b0890	16916635
b0890	8905232
b0890	16738554
b0890	15165235
b0890	15690043
b0890	16381841
b0890	12823825
b0890	12626683
b0890	16120447
b0890	15919996
b0890	16738553
b0890	9278503
b0890	16397293
b0470	28947673
b0470	28525745
b0470	26786318
b0470	21820444
b0470	20675375
b0470	19994907
b0470	16430690
b0470	16217036
b0470	12940977
b0470	12623013
b0470	9300054
b0470	8702922
b0470	8626779
b0470	8598050
b0470	8376347
b0470	7961443
b0470	7691799
b0470	7538662
b0470	7493998
b0470	6358801
b0470	6316113
b0470	6254978
b0470	6184364
b0470	3313272
b0470	3283125
b0470	3040763
b0470	3033660
b0470	3018672
b0470	2681183
b0470	2187190
b0470	2186364
b0470	2181440
b0470	1918087
b0470	1870125
b0470	1710356
b0470	1547945
b0470	160563
b0470	19696739
b0470	19279187
b0470	17452361
b0470	17390106
b0470	17355988
b0470	16225979
b0470	15758241
b0470	15065653
b0470	14630952
b0470	11959500
b0470	11254971
b0470	11078744
b0470	11078743
b0470	11029431
b0470	10844678
b0470	9495763
b0470	8702819
b0470	391641
b0470	19759003
b0470	19703395
b0470	16168375
b0470	12535532
b0470	11809766
b0470	11101526
b0470	10748120
b0470	6294475
b0470	3534795
b0470	26499492
b0470	25918025
b0470	21857649
b0470	19663416
b0470	15665871
b0470	15556993
b0470	12939258
b0470	11719243
b0470	20223211
b0470	19759020
b0470	16999830
b0470	16760017
b0470	15037068
b0470	14717711
b0470	12851392
b0470	12519754
b0470	11606586
b0470	11572866
b0470	11525729
b0470	11463787
b0470	11078742
b0470	10874049
b0470	10652279
b0470	10644772
b0470	10487764
b0470	9927437
b0470	9733751
b0470	9733750
b0470	8940047
b0470	8505305
b0470	7768936
b0470	7493999
b0470	3316222
b0470	17210572
b0470	16036556
b0470	15364574
b0470	14610068
b0470	14610067
b0470	12888503
b0470	11525728
b0470	10924523
b0470	7768937
b0470	1587819
b0470	19450514
b0470	18156258
b0470	17765269
b0470	9989506
b0470	25450506
b0470	17707226
b0470	17707225
b0470	17350265
b0470	9177997
b0470	355225
b0470	16421093
b0470	10557215
b0470	10339402
b0470	9722585
b0470	9545254
b0470	8643639
b0470	8594350
b0470	8106470
b0470	7890680
b0470	7806536
b0470	7768938
b0470	7574479
b0470	6360204
b0470	6345527
b0470	3283128
b0470	3283127
b0470	3283126
b0470	2956258
b0470	2941423
b0470	2661556
b0470	2644241
b0470	2413035
b0470	1851552
b0470	778584
b0470	22841565
b0470	9703244
b0470	1531480
b0470	8389365
b0470	1575709
b0470	18823050
b0470	14592990
b0470	7494000
b0470	15852340
b0470	16738554
b0470	19402753
b0470	15690043
b0470	24561554
b0470	16738553
b0470	9278503
b0470	16397293
b0470	21873635
b0184	25987558
b0184	23672456
b0184	23043439
b0184	22157955
b0184	19173290
b0184	18691598
b0184	18652472
b0184	17895578
b0184	17242356
b0184	16959568
b0184	16144703
b0184	15923012
b0184	15470496
b0184	11952835
b0184	10869071
b0184	9887268
b0184	9675236
b0184	9352922
b0184	8702820
b0184	8702558
b0184	8375647
b0184	7592352
b0184	6327605
b0184	4589895
b0184	4560196
b0184	2997151
b0184	2184309
b0184	2184308
b0184	1762158
b0184	1624473
b0184	1089643
b0184	788784
b0184	28263430
b0184	28067916
b0184	23901012
b0184	23634873
b0184	22406830
b0184	17452361
b0184	17390106
b0184	17355988
b0184	16517598
b0184	15805529
b0184	15028700
b0184	12028381
b0184	11078743
b0184	11073920
b0184	8702819
b0184	7692254
b0184	6288664
b0184	3037519
b0184	1597430
b0184	1534562
b0184	23435564
b0184	18663010
b0184	18330348
b0184	16536542
b0184	15352874
b0184	15289460
b0184	10748120
b0184	10625468
b0184	9515927
b0184	9393709
b0184	8702818
b0184	8657178
b0184	4570784
b0184	2040637
b0184	368075
b0184	26499492
b0184	25918025
b0184	23888781
b0184	23580545
b0184	23549287
b0184	11976296
b0184	11069656
b0184	7017348
b0184	3316192
b0184	17641684
b0184	17529976
b0184	17109382
b0184	16999830
b0184	11573000
b0184	11459973
b0184	7678242
b0184	1587819
b0184	10735873
b0184	9093842
b0184	17707226
b0184	17707225
b0184	17350265
b0184	16424908
b0184	9177997
b0184	355225
b0184	17539672
b0184	16421093
b0184	10557215
b0184	10339402
b0184	9545254
b0184	8643639
b0184	8594350
b0184	8106470
b0184	7890680
b0184	7806536
b0184	7768938
b0184	7574479
b0184	6360204
b0184	6345527
b0184	3283128
b0184	3283127
b0184	3283126
b0184	2956258
b0184	2941423
b0184	2661556
b0184	2644241
b0184	2413035
b0184	778584
b0184	22841565
b0184	9703244
b0184	1531480
b0184	15375374
b0184	8389365
b0184	1575709
b0184	4205905
b0184	16336047
b0184	11544210
b0184	16738554
b0184	19402753
b0184	15690043
b0184	16606699
b0184	18304323
b0184	24561554
b0184	9685491
b0184	16738553
b0184	9278503
b0184	16397293
b3701	29924849
b3701	24825884
b3701	23994470
b3701	21219462
b3701	19703389
b3701	19361435
b3701	18678908
b3701	18191219
b3701	17635192
b3701	15134440
b3701	14527657
b3701	12888511
b3701	12832762
b3701	12435511
b3701	10753961
b3701	8576212
b3701	8576211
b3701	8576210
b3701	7516486
b3701	6776124
b3701	6749841
b3701	6458041
b3701	6248733
b3701	3519609
b3701	3048397
b3701	2841344
b3701	1918078
b3701	1556072
b3701	1349852
b3701	28168278
b3701	21050827
b3701	19843218
b3701	19696739
b3701	19617571
b3701	19279187
b3701	18556658
b3701	17449610
b3701	15177045
b3701	15065653
b3701	14729336
b3701	14630952
b3701	12028381
b3701	11959982
b3701	11959500
b3701	11790763
b3701	11683257
b3701	11263491
b3701	9501104
b3701	6453739
b3701	6449652
b3701	6379647
b3701	6356186
b3701	6296774
b3701	6258023
b3701	6255290
b3701	6234204
b3701	3527871
b3701	2656258
b3701	160413
b3701	30916336
b3701	23435564
b3701	21708944
b3701	19703395
b3701	19633075
b3701	18308729
b3701	16855240
b3701	16603382
b3701	16546997
b3701	16390442
b3701	16168375
b3701	15752198
b3701	15150238
b3701	14633999
b3701	12450411
b3701	11309120
b3701	11292811
b3701	9674428
b3701	8045420
b3701	6089112
b3701	2851700
b3701	2040637
b3701	1883890
b3701	26499492
b3701	23580545
b3701	23549287
b3701	19783657
b3701	19663416
b3701	19432804
b3701	15665871
b3701	15611053
b3701	15466025
b3701	11719243
b3701	11459978
b3701	17403618
b3701	16760017
b3701	16482221
b3701	16338175
b3701	10513610
b3701	17210572
b3701	14610068
b3701	14610067
b3701	11573000
b3701	11525728
b3701	11459973
b3701	10924523
b3701	7768937
b3701	19450514
b3701	16267285
b3701	25450506
b3701	17707226
b3701	17707225
b3701	17350265
b3701	16424908
b3701	14592985
b3701	9177997
b3701	17539672
b3701	16421093
b3701	12511510
b3701	10557215
b3701	10339402
b3701	9545254
b3701	8643639
b3701	8594350
b3701	8106470
b3701	7890680
b3701	7806536
b3701	7768938
b3701	7574479
b3701	6360204
b3701	6345527
b3701	3283128
b3701	3283127
b3701	3283126
b3701	2956258
b3701	2941423
b3701	2661556
b3701	2644241
b3701	2413035
b3701	778584
b3701	9703244
b3701	1531480
b3701	15375374
b3701	8389365
b3701	1575709
b3701	19834901
b3701	24627523
b3701	15123823
b3701	7686882
b3701	11967071
b3701	16858726
b3701	16738554
b3701	17187058
b3701	15690043
b3701	16606699
b3701	18304323
b3701	24561554
b3701	16738553
b3701	9278503
b3701	16397293
b3701	21873635
b3871	30305394
b3871	18621905
b3871	14560797
b3871	12675808
b3871	11738827
b3871	11683274
b3871	10781541
b3871	9765944
b3871	9642082
b3871	8559071
b3871	18820021
b3871	12654836
b3871	9884220
b3871	7783627
b3871	10760151
b3871	18807027
b3871	9743119
b3871	8346018
b3871	25777676
b3871	24580753
b3871	15380559
b3871	12627170
b3871	12368244
b3871	9298646
b3871	17309111
b3871	15911532
b3871	15690043
b3871	18304323
b3871	9622352
b3871	24561554
b3871	16738553
b3871	9278503
b3871	16397293
b0215	19119875
b0215	17343677
b0215	17339223
b0215	16111701
b0215	12832057
b0215	11937058
b0215	11772007
b0215	11042088
b0215	10217794
b0215	9920922
b0215	9722597
b0215	9705512
b0215	8841137
b0215	8610131
b0215	6393125
b0215	6359162
b0215	6340117
b0215	6325441
b0215	6224021
b0215	3540531
b0215	3056941
b0215	3025722
b0215	2830459
b0215	2515428
b0215	2242163
b0215	2196432
b0215	2185133
b0215	2158294
b0215	1332935
b0215	163228
b0215	28263430
b0215	28067916
b0215	19635595
b0215	18574699
b0215	18539731
b0215	16973612
b0215	16885451
b0215	16740953
b0215	16077097
b0215	15459336
b0215	15090519
b0215	12667053
b0215	11955076
b0215	9282736
b0215	7692254
b0215	6316347
b0215	6267604
b0215	3037519
b0215	3023634
b0215	2987244
b0215	2656258
b0215	2153103
b0215	28605670
b0215	23435564
b0215	18663010
b0215	18570879
b0215	16536542
b0215	15790494
b0215	15448730
b0215	15352874
b0215	15141361
b0215	14604591
b0215	11208808
b0215	10625468
b0215	9515927
b0215	9393709
b0215	8702818
b0215	2040637
b0215	368075
b0215	26499492
b0215	25918025
b0215	23580545
b0215	23549287
b0215	15342581
b0215	11976296
b0215	17109382
b0215	1447141
b0215	19515932
b0215	10735873
b0215	5338974
b0215	4879569
b0215	4603159
b0215	17707226
b0215	17707225
b0215	17350265
b0215	9177997
b0215	16421093
b0215	10557215
b0215	10339402
b0215	9545254
b0215	8643639
b0215	8594350
b0215	8106470
b0215	7890680
b0215	7806536
b0215	7768938
b0215	7574479
b0215	6360204
b0215	6345527
b0215	3283128
b0215	3283127
b0215	3283126
b0215	2956258
b0215	2941423
b0215	2661556
b0215	2644241
b0215	2413035
b0215	778584
b0215	9703244
b0215	1531480
b0215	8389365
b0215	1575709
b0215	12627170
b0215	12368244
b0215	15690043
b0215	24561554
b0215	16738553
b0215	9278503
b0215	16397293
b0215	21873635
b2756	26013814
b2756	25103409
b2756	21219465
b2756	18703730
b2756	18703739
b2756	16738553
b2756	9278503
b2756	16397293
b1412	19666717
b1412	18953603
b1412	18337254
b1412	16684776
b1412	16511052
b1412	11583992
b1412	7899078
b1412	19852945
b1412	16818608
b1412	16107329
b1412	17309111
b1412	17187058
b1412	2168383
b1412	18304323
b1412	16738553
b1412	9278503
b1412	16397293
b1712	8455562
b1712	8419352
b1712	7559363
b1712	6397321
b1712	6261146
b1712	27211867
b1712	26657062
b1712	24816374
b1712	19767439
b1712	19132923
b1712	18461910
b1712	18237740
b1712	17921309
b1712	17631534
b1712	17293415
b1712	17124171
b1712	17116862
b1712	17035240
b1712	16977316
b1712	16618107
b1712	16475126
b1712	15843682
b1712	15661160
b1712	15563835
b1712	11827473
b1712	10972827
b1712	9791186
b1712	9074781
b1712	9032076
b1712	8980235
b1712	8830255
b1712	8650000
b1712	8515442
b1712	8262044
b1712	8230206
b1712	8156991
b1712	7968507
b1712	7715442
b1712	7629095
b1712	7567442
b1712	7548068
b1712	7012115
b1712	6796964
b1712	6251971
b1712	3305480
b1712	2972385
b1712	2842786
b1712	2544029
b1712	2541927
b1712	2530356
b1712	2528698
b1712	2208275
b1712	2205834
b1712	2140136
b1712	1817473
b1712	1760837
b1712	1624447
b1712	1533252
b1712	1532160
b1712	1531459
b1712	1447969
b1712	32011760
b1712	27899566
b1712	24443848
b1712	21778209
b1712	19170757
b1712	18590762
b1712	17543441
b1712	17114059
b1712	17087773
b1712	10692160
b1712	7862094
b1712	7651128
b1712	3326947
b1712	2840636
b1712	1825651
b1712	1736095
b1712	1703160
b1712	158465
b1712	22180530
b1712	18302340
b1712	16963779
b1712	16404567
b1712	15102446
b1712	14982629
b1712	9157242
b1712	8626344
b1712	7499339
b1712	6426518
b1712	6229530
b1712	6096210
b1712	3162032
b1712	2991205
b1712	2001682
b1712	1925023
b1712	1879696
b1712	1729211
b1712	22797761
b1712	19889099
b1712	12366835
b1712	6317866
b1712	3158742
b1712	1569580
b1712	17553830
b1712	16936015
b1712	15225315
b1712	14651625
b1712	15978080
b1712	10856246
b1712	19245936
b1712	17543195
b1712	17233899
b1712	8588889
b1712	6317865
b1712	2886490
b1712	2838394
b1712	19091747
b1712	16879983
b1712	15853876
b1712	9880556
b1712	10551881
b1712	10515926
b1712	10947847
b1712	9624689
b1712	9868784
b1712	3528129
b1712	9097039
b1712	15485810
b1712	6218885
b1712	1404379
b1712	17187058
b1712	18304323
b1712	24561554
b1712	16738553
b1712	9278503
b1712	16397293
b1712	21873635
b0963	19458924
b0963	15049687
b0963	11945670
b0963	11389594
b0963	10715115
b0963	10368300
b0963	9665712
b0963	4563643
b0963	325056
b0963	236480
b0963	10049880
b0963	11101319
b0963	2542273
b0963	11945504
b0963	6093685
b0963	15489434
b0963	14641075
b0963	9732434
b0963	21720823
b0963	18781696
b0963	18632294
b0963	15743409
b0963	7984428
b0963	9489667
b0963	17122336
b0963	15911532
b0963	18304323
b0963	16738553
b0963	9278503
b0963	16397293
b0963	21873635
b3164	24075876
b3164	23457244
b3164	23171129
b3164	22904280
b3164	22322961
b3164	21527671
b3164	21324911
b3164	21320509
b3164	19219992
b3164	19136586
b3164	18824515
b3164	18812438
b3164	18650428
b3164	17337072
b3164	17084501
b3164	16247956
b3164	16237005
b3164	14965765
b3164	14963263
b3164	14657566
b3164	13670940
b3164	13438894
b3164	12162954
b3164	11502194
b3164	11395447
b3164	11123693
b3164	11035800
b3164	10931296
b3164	10411741
b3164	10215858
b3164	9502433
b3164	8973320
b3164	8808944
b3164	7534370
b3164	7510392
b3164	6990191
b3164	6300041
b3164	6294462
b3164	6276682
b3164	4866865
b3164	3029034
b3164	2666387
b3164	1371867
b3164	1102947
b3164	1089072
b3164	794831
b3164	632285
b3164	386032
b3164	330538
b3164	31329973
b3164	28334892
b3164	25825432
b3164	19627501
b3164	19577188
b3164	19327365
b3164	17384964
b3164	16096836
b3164	15664199
b3164	14617186
b3164	12207699
b3164	12181321
b3164	11867541
b3164	11726520
b3164	10762241
b3164	9383156
b3164	9209058
b3164	8809756
b3164	7533264
b3164	7531807
b3164	6382163
b3164	6290330
b3164	3308454
b3164	3005122
b3164	2823071
b3164	2477797
b3164	2455297
b3164	2414737
b3164	1628624
b3164	21126315
b3164	18606734
b3164	17242308
b3164	16682442
b3164	16483707
b3164	15654883
b3164	11453682
b3164	11292800
b3164	9407115
b3164	8915531
b3164	8830280
b3164	4358625
b3164	3007765
b3164	2459106
b3164	2432069
b3164	2417233
b3164	1691434
b3164	1091648
b3164	20729366
b3164	18203924
b3164	16275923
b3164	12035760
b3164	7519147
b3164	1920421
b3164	27698082
b3164	19617368
b3164	15236960
b3164	14981237
b3164	14654705
b3164	12207692
b3164	11134527
b3164	10521403
b3164	9933592
b3164	9732274
b3164	8632981
b3164	8610017
b3164	7891559
b3164	7732015
b3164	19906695
b3164	19215777
b3164	17242352
b3164	17040898
b3164	15522087
b3164	14731278
b3164	14622421
b3164	11298285
b3164	10535935
b3164	9642084
b3164	9383162
b3164	8682798
b3164	7509797
b3164	2990900
b3164	16766188
b3164	15554979
b3164	19667755
b3164	2849753
b3164	17982174
b3164	17447862
b3164	7510217
b3164	16139413
b3164	10844684
b3164	16855227
b3164	15554978
b3164	14527658
b3164	9501232
b3164	18852508
b3164	18824089
b3164	17366475
b3164	11917006
b3164	24580753
b3164	15380559
b3164	7534403
b3164	11390393
b3164	10884409
b3164	9298646
b3164	17309111
b3164	16858726
b3164	15911532
b3164	15690043
b3164	9008164
b3164	17965156
b3164	18304323
b3164	24561554
b3164	16738553
b3164	9278503
b3164	16397293
b3164	21873635
b0169	7023985
b0169	7013783
b0169	126327
b0169	22412910
b0169	16337203
b0169	15215335
b0169	7022135
b0169	6272196
b0169	161328
b0169	16245700
b0169	12068815
b0169	11474114
b0169	2045359
b0169	18648071
b0169	7017348
b0169	1575737
b0169	12809609
b0169	16043501
b0169	7020604
b0169	15459648
b0169	16302275
b0169	14595348
b0169	4587209
b0169	4579428
b0169	11985624
b0169	10739205
b0169	4942549
b0169	18784650
b0169	15680962
b0169	799248
b0169	3297162
b0169	19696352
b0169	16272117
b0169	10094780
b0169	19913480
b0169	22157000
b0169	8202364
b0169	18852508
b0169	15852340
b0169	12627170
b0169	12368244
b0169	9298646
b0169	16738554
b0169	17187058
b0169	15690043
b0169	16606699
b0169	14973029
b0169	15466596
b0169	16738553
b0169	9278503
b0169	16397293
b0169	21873635
b3314	9716382
b3314	6394951
b3314	6336745
b3314	387449
b3314	15652481
b3314	12809609
b3314	7020604
b3314	2459390
b3314	3892488
b3314	12150913
b3314	7037196
b3314	4587209
b3314	2461734
b3314	4579428
b3314	4942549
b3314	18784650
b3314	15680962
b3314	7556101
b3314	3297162
b3314	19696352
b3314	16272117
b3314	10094780
b3314	19913480
b3314	22157000
b3314	15852340
b3314	16738554
b3314	17187058
b3314	16606699
b3314	18304323
b3314	14973029
b3314	15466596
b3314	24561554
b3314	16738553
b3314	9278503
b3314	16397293
b3314	21873635
b2757	25123481
b2757	25103409
b2757	18703730
b2757	18703739
b2757	16738553
b2757	9278503
b2757	16397293
b4170	32061805
b4170	25701376
b4170	23916559
b4170	21953455
b4170	21793594
b4170	21103398
b4170	19953589
b4170	16024043
b4170	14526019
b4170	12782329
b4170	10734142
b4170	10199405
b4170	8692687
b4170	2027763
b4170	33820992
b4170	33233554
b4170	31757945
b4170	31363055
b4170	27851738
b4170	26163658
b4170	22241777
b4170	22001225
b4170	21454657
b4170	21050827
b4170	20667509
b4170	20638361
b4170	20080788
b4170	19450548
b4170	17965091
b4170	17502621
b4170	16935885
b4170	16772401
b4170	16446358
b4170	15371440
b4170	15135731
b4170	12560476
b4170	11050167
b4170	10984488
b4170	10325421
b4170	9880500
b4170	9827806
b4170	9482750
b4170	9461452
b4170	8159731
b4170	30916336
b4170	23932715
b4170	19834545
b4170	19046977
b4170	16879649
b4170	16546997
b4170	15972855
b4170	15952900
b4170	15470502
b4170	15375217
b4170	14602928
b4170	14527292
b4170	12887908
b4170	12606120
b4170	12437140
b4170	12196386
b4170	11371566
b4170	9535911
b4170	9535910
b4170	8747662
b4170	8657178
b4170	8636043
b4170	8505311
b4170	2824465
b4170	2665076
b4170	2555716
b4170	1999389
b4170	1601880
b4170	1594459
b4170	19783657
b4170	19474347
b4170	17825069
b4170	17727900
b4170	16690604
b4170	15955821
b4170	15659661
b4170	14525341
b4170	12067333
b4170	11585365
b4170	10655206
b4170	6987663
b4170	19376855
b4170	19100865
b4170	17951114
b4170	15590330
b4170	12591888
b4170	15925551
b4170	14673109
b4170	7511774
b4170	17765269
b4170	5338974
b4170	4879569
b4170	4603159
b4170	11381137
b4170	8824618
b4170	7984093
b4170	7748952
b4170	8830270
b4170	15375374
b4170	8389365
b4170	18157157
b4170	15773991
b4170	16818608
b4170	17366475
b4170	7610040
b4170	15690043
b4170	24561554
b4170	16738553
b4170	9278503
b4170	16397293
b4170	21873635
b3163	32009249
b3163	25699035
b3163	17163978
b3163	15634341
b3163	15102755
b3163	10400590
b3163	29138488
b3163	26283368
b3163	20833130
b3163	2432069
b3163	2045359
b3163	15047720
b3163	11567010
b3163	16855227
b3163	7984428
b3163	12876315
b3163	15174130
b3163	17122336
b3163	16738553
b3163	9278503
b3163	16397293
b3163	21873635
b2758	21699496
b2758	25123481
b2758	25103409
b2758	21219465
b2758	18703730
b2758	18703739
b2758	16606699
b2758	11574054
b2758	16738553
b2758	9278503
b2758	16397293
b0640	23882084
b0640	18424802
b0640	1400251
b0640	21205014
b0640	11518714
b0640	11432857
b0640	19759003
b0640	19703395
b0640	11809766
b0640	11101526
b0640	19663416
b0640	15665871
b0640	15556993
b0640	11719243
b0640	7915843
b0640	20223211
b0640	19759020
b0640	16760017
b0640	15037068
b0640	14717711
b0640	12851392
b0640	12519754
b0640	11606586
b0640	11572866
b0640	11525729
b0640	11463787
b0640	11078742
b0640	10874049
b0640	10652279
b0640	10644772
b0640	10487764
b0640	9927437
b0640	9733751
b0640	9733750
b0640	8940047
b0640	8505305
b0640	7768936
b0640	7493999
b0640	3316222
b0640	3316191
b0640	17210572
b0640	15364574
b0640	14610068
b0640	14610067
b0640	12888503
b0640	11525728
b0640	10924523
b0640	7768937
b0640	1587819
b0640	19450514
b0640	17765269
b0640	9989506
b0640	17707226
b0640	17707225
b0640	17350265
b0640	16421093
b0640	10557215
b0640	10339402
b0640	9722585
b0640	9545254
b0640	8643639
b0640	8594350
b0640	8106470
b0640	7890680
b0640	7806536
b0640	7768938
b0640	7574479
b0640	6360204
b0640	6345527
b0640	3283128
b0640	3283127
b0640	3283126
b0640	2956258
b0640	2941423
b0640	2661556
b0640	2644241
b0640	2413035
b0640	778584
b0640	9703244
b0640	1531480
b0640	8389365
b0640	1575709
b0640	7494000
b0640	8905232
b0640	16738554
b0640	15690043
b0640	8505304
b0640	8505303
b0640	16606699
b0640	24561554
b0640	16738553
b0640	9278503
b0640	16397293
b0640	21873635
b3779	8394006
b3779	6130093
b3779	2948875
b3779	2849575
b3779	15248747
b3779	8212131
b3779	372753
b3779	17938565
b3779	1931833
b3779	18593213
b3779	3294419
b3779	1379743
b3779	16849790
b3779	16738553
b3779	9278503
b3779	16397293
b3779	21873635
b0892	28053120
b0892	15065657
b0892	11029431
b0892	3029694
b0892	15866942
b0892	12864855
b0892	11459965
b0892	11459952
b0892	7628437
b0892	17641684
b0892	18567657
b0892	15743409
b0892	7567469
b0892	16606699
b0892	16738553
b0892	9278503
b0892	16397293
b0892	21873635
b0912	3159904
b0912	1917861
b0912	27211867
b0912	26657062
b0912	24816374
b0912	19767439
b0912	19132923
b0912	18461910
b0912	18237740
b0912	17921309
b0912	17631534
b0912	17124171
b0912	17116862
b0912	17035240
b0912	16977316
b0912	16618107
b0912	16475126
b0912	15843682
b0912	15661160
b0912	15563835
b0912	11827473
b0912	10972827
b0912	9791186
b0912	9032076
b0912	8980235
b0912	8973312
b0912	8830255
b0912	8650000
b0912	8515442
b0912	8262044
b0912	8230206
b0912	8156991
b0912	7968507
b0912	7715442
b0912	7629095
b0912	7567442
b0912	7548068
b0912	6796964
b0912	6251971
b0912	3305480
b0912	3159903
b0912	2972385
b0912	2842786
b0912	2544029
b0912	2541927
b0912	2530356
b0912	2528698
b0912	2208275
b0912	2205834
b0912	2140136
b0912	1817473
b0912	1760837
b0912	1624447
b0912	1533252
b0912	1532160
b0912	1531459
b0912	1447969
b0912	19170757
b0912	18590762
b0912	17543441
b0912	17114059
b0912	17087773
b0912	10692160
b0912	7862094
b0912	7651128
b0912	2840636
b0912	1736095
b0912	1703160
b0912	158465
b0912	22180530
b0912	18302340
b0912	16963779
b0912	16404567
b0912	15102446
b0912	14982629
b0912	9157242
b0912	8626344
b0912	7499339
b0912	2001682
b0912	1925023
b0912	1879696
b0912	19889099
b0912	12366835
b0912	1569580
b0912	17553830
b0912	16936015
b0912	15225315
b0912	14651625
b0912	15978080
b0912	10856246
b0912	19245936
b0912	17233899
b0912	8588889
b0912	2886490
b0912	19091747
b0912	16879983
b0912	15853876
b0912	9880556
b0912	10551881
b0912	10515926
b0912	10947847
b0912	9624689
b0912	9868784
b0912	15485810
b0912	8905232
b0912	6218885
b0912	1404379
b0912	17187058
b0912	18304323
b0912	16738553
b0912	9278503
b0912	16397293
b0912	21873635
b1654	21899261
b1654	16566929
b1654	23543739
b1654	20734996
b1654	20936830
b1654	19691428
b1654	17659286
b1654	13129938
b1654	19505088
b1654	15840565
b1654	7559321
b1654	18852508
b1654	16738554
b1654	15833738
b1654	17187058
b1654	15911532
b1654	15690043
b1654	18304323
b1654	11574054
b1654	16738553
b1654	9278503
b1654	16397293
b4350	31407052
b4350	27599856
b4350	26039067
b4350	17620716
b4350	368038
b4350	14654681
b4350	11090275
b4350	10839821
b4350	9628361
b4350	8632480
b4350	8177741
b4350	6282152
b4350	6255295
b4350	3323532
b4350	1741244
b4350	14651617
b4350	11136462
b4350	7607496
b4350	7610040
b4350	17187058
b4350	1650347
b4350	18304323
b4350	16738553
b4350	9278503
b4350	16397293
b3929	21518390
b3929	19194749
b3929	24766456
b3929	24045937
b3929	20106955
b3929	16725107
b3929	16621818
b3929	21219461
b3929	18756093
b3929	19215772
b3929	27698082
b3929	19667755
b3929	12665241
b3929	17447862
b3929	18510556
b3929	16771842
b3929	15947133
b3929	8346018
b3929	17366475
b3929	13678585
b3929	14499605
b3929	18304323
b3929	24561554
b3929	16738553
b3929	9278503
b3929	16397293
b3929	21873635
b0148	30190128
b0148	30174149
b0148	7899078
b0148	8202364
b0148	16606699
b0148	16738553
b0148	9278503
b0148	16397293
b1653	33744958
b1653	1460056
b1653	15947133
b1653	7559321
b1653	16820464
b1653	17187058
b1653	16738553
b1653	9278503
b1653	16397293
b1099	9363942
b1099	11518714
b1099	11432857
b1099	19759003
b1099	16083981
b1099	11809766
b1099	11101526
b1099	8509334
b1099	19663416
b1099	15665871
b1099	15556993
b1099	11719243
b1099	20223211
b1099	19759020
b1099	16760017
b1099	15037068
b1099	14717711
b1099	12851392
b1099	12519754
b1099	11606586
b1099	11572866
b1099	11525729
b1099	11463787
b1099	11078742
b1099	10874049
b1099	10652279
b1099	10644772
b1099	10487764
b1099	9927437
b1099	9733751
b1099	9733750
b1099	8940047
b1099	8505305
b1099	7768936
b1099	7493999
b1099	3316222
b1099	17210572
b1099	15364574
b1099	14610068
b1099	14610067
b1099	12888503
b1099	11525728
b1099	10924523
b1099	7768937
b1099	1587819
b1099	19450514
b1099	17765269
b1099	9989506
b1099	17707226
b1099	17707225
b1099	17350265
b1099	16421093
b1099	10557215
b1099	10339402
b1099	9722585
b1099	9545254
b1099	8643639
b1099	8594350
b1099	8106470
b1099	7890680
b1099	7806536
b1099	7768938
b1099	7574479
b1099	6360204
b1099	6345527
b1099	3283128
b1099	3283127
b1099	3283126
b1099	2956258
b1099	2941423
b1099	2661556
b1099	2644241
b1099	2413035
b1099	778584
b1099	9703244
b1099	1531480
b1099	8389365
b1099	1575709
b1099	7494000
b1099	16849790
b1099	8905232
b1099	16738554
b1099	19402753
b1099	15690043
b1099	8505304
b1099	8505303
b1099	24561554
b1099	16738553
b1099	9278503
b1099	16397293
b1099	21873635
b4259	33688004
b4259	20972214
b4259	8389364
b4259	8246893
b4259	2670557
b4259	27150717
b4259	25329071
b4259	20329707
b4259	17376077
b4259	21857649
b4259	20223211
b4259	19759020
b4259	15037068
b4259	14717711
b4259	12851392
b4259	12519754
b4259	11606586
b4259	11572866
b4259	11525729
b4259	11463787
b4259	11078742
b4259	10874049
b4259	10652279
b4259	10644772
b4259	10487764
b4259	9927437
b4259	9733751
b4259	9733750
b4259	8940047
b4259	8505305
b4259	7768936
b4259	7493999
b4259	3316222
b4259	17210572
b4259	15364574
b4259	14610068
b4259	14610067
b4259	12888503
b4259	11525728
b4259	10924523
b4259	7768937
b4259	1587819
b4259	19450514
b4259	9989506
b4259	17707226
b4259	17707225
b4259	17350265
b4259	9177997
b4259	16421093
b4259	10557215
b4259	10339402
b4259	9722585
b4259	9545254
b4259	8643639
b4259	8594350
b4259	8106470
b4259	7890680
b4259	7806536
b4259	7768938
b4259	7574479
b4259	6360204
b4259	6345527
b4259	3283128
b4259	3283127
b4259	3283126
b4259	2956258
b4259	2941423
b4259	2661556
b4259	2644241
b4259	2413035
b4259	778584
b4259	22841565
b4259	9703244
b4259	1531480
b4259	8389365
b4259	1575709
b4259	15454563
b4259	7494000
b4259	18824089
b4259	16818608
b4259	27718375
b4259	7610040
b4259	15690043
b4259	24561554
b4259	16738553
b4259	9278503
b4259	16397293
b4259	21873635
b4372	8389364
b4372	8366044
b4372	27280472
b4372	25329071
b4372	21857649
b4372	15556993
b4372	20223211
b4372	19759020
b4372	16760017
b4372	15037068
b4372	14717711
b4372	12851392
b4372	12519754
b4372	11994158
b4372	11606586
b4372	11572866
b4372	11525729
b4372	11463787
b4372	11078742
b4372	10874049
b4372	10652279
b4372	10644772
b4372	10487764
b4372	9927437
b4372	9733751
b4372	9733750
b4372	8940047
b4372	8505305
b4372	7768936
b4372	7493999
b4372	3316222
b4372	17210572
b4372	15364574
b4372	14610068
b4372	14610067
b4372	12888503
b4372	11525728
b4372	10924523
b4372	7768937
b4372	1587819
b4372	19450514
b4372	17765269
b4372	14507374
b4372	9989506
b4372	16424908
b4372	16421093
b4372	10557215
b4372	10339402
b4372	9722585
b4372	9545254
b4372	8643639
b4372	8594350
b4372	8106470
b4372	7890680
b4372	7806536
b4372	7768938
b4372	7574479
b4372	6360204
b4372	6345527
b4372	3283128
b4372	3283127
b4372	3283126
b4372	2956258
b4372	2941423
b4372	2661556
b4372	2644241
b4372	2413035
b4372	778584
b4372	22841565
b4372	9703244
b4372	1531480
b4372	8389365
b4372	1575709
b4372	7494000
b4372	27718375
b4372	15380559
b4372	7610040
b4372	19402753
b4372	15690043
b4372	24561554
b4372	2828880
b4372	16738553
b4372	9278503
b4372	16397293
b0961	2542273
b0961	7984428
b0961	17456747
b0961	17309111
b0961	16120447
b0961	15919996
b0961	11574054
b0961	16738553
b0961	9278503
b0961	16397293
b0961	21873635
b2627	25224971
b2627	24596148
b2627	19502398
b2627	12886937
b2627	24561554
b2627	16738553
b2627	9278503
b2627	16397293
