,id,desc,elements
0,TU0-941,16,"['b0081', 'b0082', 'b0083', 'b0084', 'b0085', 'b0086', 'b0087', 'b0088', 'b0089', 'b0090', 'b0091', 'b0092', 'b0093', 'b0094', 'b0095', 'b0096']"
1,TU0-14439,15,"['b0082', 'b0083', 'b0084', 'b0085', 'b0086', 'b0087', 'b0088', 'b0089', 'b0090', 'b0091', 'b0092', 'b0093', 'b0094', 'b0095', 'b0096']"
2,TU00305,15,"['b2194', 'b2195', 'b2196', 'b2197', 'b2198', 'b2199', 'b2200', 'b2201', 'b2202', 'b2203', 'b2204', 'b2205', 'b2206', 'b2207', 'b2208']"
3,TU363,15,"['b2194', 'b2195', 'b2196', 'b2197', 'b2198', 'b2199', 'b2200', 'b2201', 'b2202', 'b2203', 'b2204', 'b2205', 'b2206', 'b2207', 'b2208']"
4,TU0-14443,14,"['b0083', 'b0084', 'b0085', 'b0086', 'b0087', 'b0088', 'b0089', 'b0090', 'b0091', 'b0092', 'b0093', 'b0094', 'b0095', 'b0096']"
5,TU0-14445,14,"['b0083', 'b0084', 'b0085', 'b0086', 'b0087', 'b0088', 'b0089', 'b0090', 'b0091', 'b0092', 'b0093', 'b0094', 'b0095', 'b0096']"
6,TU00201,13,"['b4092', 'b4093', 'b4094', 'b4095', 'b4096', 'b4097', 'b4098', 'b4099', 'b4100', 'b4101', 'b4102', 'b4105', 'b4106']"
7,TU00310,13,"['b2276', 'b2277', 'b2278', 'b2279', 'b2280', 'b2281', 'b2282', 'b2283', 'b2284', 'b2285', 'b2286', 'b2287', 'b2288']"
8,TU00448,13,"['b2276', 'b2277', 'b2278', 'b2279', 'b2280', 'b2281', 'b2282', 'b2283', 'b2284', 'b2285', 'b2286', 'b2287', 'b2288']"
9,TU0-13499,12,"['b2046', 'b2047', 'b2048', 'b2049', 'b2050', 'b2051', 'b2052', 'b2053', 'b2054', 'b2055', 'b2056', 'b2057']"
10,TU0-13913,12,"['b3324', 'b3325', 'b3326', 'b3327', 'b3328', 'b3329', 'b3330', 'b3331', 'b3332', 'b3333', 'b3334', 'b3335']"
11,TU0-14039,12,"['b3784', 'b3785', 'b3786', 'b3787', 'b3788', 'b3789', 'b3790', 'b3791', 'b3792', 'b3793', 'b3794', 'b4404']"
12,TU0-14373,12,"['b3324', 'b3325', 'b3326', 'b3327', 'b3328', 'b3329', 'b3330', 'b3331', 'b3332', 'b3333', 'b3334', 'b3335']"
13,TU0-14374,12,"['b3324', 'b3325', 'b3326', 'b3327', 'b3328', 'b3329', 'b3330', 'b3331', 'b3332', 'b3333', 'b3334', 'b3335']"
14,TU00337,12,"['b3299', 'b3300', 'b3301', 'b3302', 'b3303', 'b3304', 'b3305', 'b3306', 'b3307', 'b3308', 'b3309', 'b3310']"
15,TU686,12,"['b2481', 'b2482', 'b2483', 'b2484', 'b2485', 'b2486', 'b2487', 'b2488', 'b2489', 'b2490', 'b2491', 'b2492']"
16,TU0-13212,11,"['b1309', 'b1310', 'b1311', 'b1312', 'b1313', 'b1314', 'b1315', 'b1316', 'b1317', 'b1318', 'b1319']"
17,TU0-7161,11,"['b3623', 'b3624', 'b3625', 'b3626', 'b3627', 'b3628', 'b3629', 'b3630', 'b3631', 'b3632', 'b4760']"
18,TU00347,11,"['b3311', 'b3312', 'b3313', 'b3314', 'b3315', 'b3316', 'b3317', 'b3318', 'b3319', 'b3320', 'b3321']"
19,TU5,11,"['b1388', 'b1389', 'b1390', 'b1391', 'b1392', 'b1393', 'b1394', 'b1395', 'b1396', 'b1397', 'b1398']"
20,TU0-7162,10,"['b3623', 'b3624', 'b3625', 'b3626', 'b3627', 'b3628', 'b3629', 'b3630', 'b3631', 'b3632']"
21,TU0-13151,9,"['b1146', 'b1147', 'b1148', 'b1149', 'b1150', 'b1151', 'b1153', 'b1154', 'b1155']"
22,TU0-14454,9,"['b3575', 'b3576', 'b3577', 'b3578', 'b3579', 'b3580', 'b3581', 'b3582', 'b3583']"
23,TU00153,9,"['b2717', 'b2718', 'b2719', 'b2720', 'b2721', 'b2722', 'b2723', 'b2724', 'b2725']"
24,TU00236,9,"['b4167', 'b4168', 'b4169', 'b4170', 'b4171', 'b4172', 'b4173', 'b4174', 'b4175']"
25,TU00243,9,"['b3731', 'b3732', 'b3733', 'b3734', 'b3735', 'b3736', 'b3737', 'b3738', 'b3739']"
26,TU00273,9,"['b1073', 'b1074', 'b1075', 'b1076', 'b1077', 'b1078', 'b1079', 'b1080', 'b1081']"
27,TU00285,9,"['b2018', 'b2019', 'b2020', 'b2021', 'b2022', 'b2023', 'b2024', 'b2025', 'b2026']"
28,TU00524,9,"['b0721', 'b0722', 'b0723', 'b0724', 'b0726', 'b0727', 'b0728', 'b0729', 'b4764']"
29,TU592,9,"['b3575', 'b3576', 'b3577', 'b3578', 'b3579', 'b3580', 'b3581', 'b3582', 'b3583']"
30,TU801,9,"['b4167', 'b4168', 'b4169', 'b4170', 'b4171', 'b4172', 'b4173', 'b4174', 'b4175']"
31,TU802,9,"['b4167', 'b4168', 'b4169', 'b4170', 'b4171', 'b4172', 'b4173', 'b4174', 'b4175']"
32,TU0-12859,8,"['b0245', 'b0246', 'b0247', 'b0248', 'b0249', 'b0250', 'b0251', 'b4504']"
33,TU0-14257,8,"['b1712', 'b1713', 'b1714', 'b1715', 'b1716', 'b1717', 'b1718', 'b1719']"
34,TU0-14759,8,"['b4168', 'b4169', 'b4170', 'b4171', 'b4172', 'b4173', 'b4174', 'b4175']"
35,TU0-5261,8,"['b2194', 'b2195', 'b2196', 'b2197', 'b2198', 'b2199', 'b2200', 'b2201']"
36,TU0-6223,8,"['b3164', 'b3165', 'b3166', 'b3167', 'b3168', 'b3169', 'b3170', 'b3171']"
37,TU0-6635,8,"['b3731', 'b3732', 'b3733', 'b3734', 'b3735', 'b3736', 'b3737', 'b3738']"
38,TU0-6636,8,"['b3731', 'b3732', 'b3733', 'b3734', 'b3735', 'b3736', 'b3737', 'b3738']"
39,TU0-8373,8,"['b0177', 'b0178', 'b0179', 'b0180', 'b0181', 'b0182', 'b0183', 'b0184']"
40,TU0-8456,8,"['b1626', 'b1627', 'b1628', 'b1629', 'b1630', 'b1631', 'b1632', 'b1633']"
41,TU00289,8,"['b2990', 'b2991', 'b2992', 'b2993', 'b2994', 'b2995', 'b2996', 'b2997']"
42,TU341,8,"['b3164', 'b3165', 'b3166', 'b3167', 'b3168', 'b3169', 'b3170', 'b3171']"
43,TU0-1191,7,"['b3272', 'b3273', 'b3274', 'b3275', 'b3276', 'b3277', 'b3278']"
44,TU0-1192,7,"['b3272', 'b3273', 'b3274', 'b3275', 'b3276', 'b3277', 'b3278']"
45,TU0-13388,7,"['b1750', 'b1751', 'b1752', 'b1753', 'b1754', 'b1755', 'b1756']"
46,TU0-13569,7,"['b2253', 'b2254', 'b2255', 'b2256', 'b2257', 'b2258', 'b4544']"
47,TU0-13725,7,"['b2754', 'b2755', 'b2756', 'b2757', 'b2758', 'b2759', 'b2760']"
48,TU0-14193,7,"['b4300', 'b4301', 'b4302', 'b4303', 'b4304', 'b4305', 'b4565']"
49,TU0-1441,7,"['b1944', 'b1945', 'b1946', 'b1947', 'b1948', 'b1949', 'b1950']"
50,TU0-14802,7,"['b0245', 'b0246', 'b0247', 'b0248', 'b0249', 'b0250', 'b4504']"
51,TU0-14803,7,"['b0245', 'b0246', 'b0247', 'b0248', 'b0249', 'b0250', 'b4504']"
52,TU0-3645,7,"['b1006', 'b1007', 'b1008', 'b1009', 'b1010', 'b1011', 'b1012']"
53,TU0-45227,7,"['b3272', 'b3273', 'b3274', 'b3275', 'b3276', 'b3277', 'b3278']"
54,TU0-7603,7,"['b0507', 'b0508', 'b0509', 'b0511', 'b0512', 'b0513', 'b0514']"
55,TU0-7861,7,"['b1513', 'b1514', 'b1515', 'b1516', 'b1517', 'b1518', 'b1519']"
56,TU0-8458,7,"['b1627', 'b1628', 'b1629', 'b1630', 'b1631', 'b1632', 'b1633']"
57,TU0-8484,7,"['b2202', 'b2203', 'b2204', 'b2205', 'b2206', 'b2207', 'b2208']"
58,TU00125,7,"['b3111', 'b3113', 'b3114', 'b3115', 'b3116', 'b3117', 'b3118']"
59,TU00133,7,"['b2702', 'b2703', 'b2704', 'b2705', 'b2706', 'b2707', 'b2708']"
60,TU00199,7,"['b4070', 'b4071', 'b4072', 'b4073', 'b4074', 'b4075', 'b4076']"
61,TU00276,7,"['b1944', 'b1945', 'b1946', 'b1947', 'b1948', 'b1949', 'b1950']"
62,TU00507,7,"['b0664', 'b0665', 'b0666', 'b0668', 'b0670', 'b0672', 'b0673']"
63,TU182,7,"['b4314', 'b4315', 'b4316', 'b4317', 'b4318', 'b4319', 'b4320']"
64,TU872,7,"['b3384', 'b3385', 'b3386', 'b3387', 'b3388', 'b3389', 'b3390']"
65,TU873,7,"['b3384', 'b3385', 'b3386', 'b3387', 'b3388', 'b3389', 'b3390']"
66,TU-8411,6,"['b1938', 'b1939', 'b1940', 'b1941', 'b1942', 'b1943']"
67,TU0-12921,6,"['b0413', 'b0414', 'b0415', 'b0416', 'b0417', 'b0418']"
68,TU0-12999,6,"['b0613', 'b0614', 'b0615', 'b0616', 'b0617', 'b0618']"
69,TU0-13095,6,"['b0939', 'b0940', 'b0941', 'b0942', 'b0943', 'b0944']"
70,TU0-13136,6,"['b1103', 'b1104', 'b1105', 'b1106', 'b1107', 'b1108']"
71,TU0-13226,6,"['b1345', 'b1346', 'b1347', 'b1348', 'b1349', 'b1350']"
72,TU0-13394,6,"['b1771', 'b1772', 'b1773', 'b1774', 'b1775', 'b1776']"
73,TU0-13483,6,"['b2001', 'b2002', 'b2003', 'b2004', 'b2005', 'b2006']"
74,TU0-13593,6,"['b2325', 'b2326', 'b2327', 'b2328', 'b2329', 'b2330']"
75,TU0-13636,6,"['b2457', 'b2458', 'b2459', 'b2460', 'b2461', 'b2462']"
76,TU0-13801,6,"['b2928', 'b2929', 'b2930', 'b2931', 'b2933', 'b2934']"
77,TU0-13924,6,"['b3376', 'b3377', 'b3378', 'b3379', 'b3380', 'b3381']"
78,TU0-14551,6,"['b3111', 'b3113', 'b3114', 'b3115', 'b3116', 'b3117']"
79,TU0-14561,6,"['b4170', 'b4171', 'b4172', 'b4173', 'b4174', 'b4175']"
80,TU0-14562,6,"['b4170', 'b4171', 'b4172', 'b4173', 'b4174', 'b4175']"
81,TU0-14675,6,"['b1669', 'b1670', 'b1671', 'b1672', 'b1673', 'b1674']"
82,TU0-14750,6,"['b0613', 'b0614', 'b0615', 'b0616', 'b0617', 'b0618']"
83,TU0-14764,6,"['b3667', 'b3668', 'b3669', 'b3670', 'b3671', 'b3672']"
84,TU0-14783,6,"['b3476', 'b3477', 'b3478', 'b3479', 'b3480', 'b3481']"
85,TU0-1547,6,"['b1881', 'b1882', 'b1883', 'b1884', 'b1885', 'b1886']"
86,TU0-1962,6,"['b2975', 'b2976', 'b2977', 'b2978', 'b2978', 'b2979']"
87,TU0-2402,6,"['b0347', 'b0348', 'b0349', 'b0350', 'b0351', 'b0352']"
88,TU0-2621,6,"['b1679', 'b1680', 'b1681', 'b1682', 'b1683', 'b1684']"
89,TU0-3623,6,"['b1483', 'b1484', 'b1485', 'b1486', 'b1487', 'b1488']"
90,TU0-36430,6,"['b3196', 'b3197', 'b3198', 'b3199', 'b3200', 'b3201']"
91,TU0-42462,6,"['b1483', 'b1484', 'b1485', 'b1486', 'b1487', 'b1488']"
92,TU0-42463,6,"['b1483', 'b1484', 'b1485', 'b1486', 'b1487', 'b1488']"
93,TU0-45171,6,"['b0972', 'b0973', 'b0974', 'b0975', 'b0976', 'b0977']"
94,TU0-5162,6,"['b4193', 'b4194', 'b4195', 'b4196', 'b4197', 'b4198']"
95,TU0-6512,6,"['b3983', 'b3984', 'b3985', 'b3986', 'b3987', 'b3988']"
96,TU0-6583,6,"['b3136', 'b3137', 'b3138', 'b3139', 'b3140', 'b3141']"
97,TU0-7881,6,"['b2074', 'b2075', 'b2076', 'b2077', 'b2078', 'b2079']"
98,TU0-8344,6,"['b2726', 'b2727', 'b2728', 'b2729', 'b2730', 'b2731']"
99,TU00067,6,"['b1260', 'b1261', 'b1262', 'b1263', 'b1264', 'b1265']"
100,TU00169,6,"['b2091', 'b2092', 'b2093', 'b2094', 'b2095', 'b2096']"
101,TU00206,6,"['b3748', 'b3749', 'b3750', 'b3751', 'b3752', 'b3753']"
102,TU00247,6,"['b0035', 'b0036', 'b0037', 'b0038', 'b0039', 'b0040']"
103,TU00248,6,"['b1733', 'b1734', 'b1735', 'b1736', 'b1737', 'b1738']"
104,TU00275,6,"['b1938', 'b1939', 'b1940', 'b1941', 'b1942', 'b1943']"
105,TU00288,6,"['b0972', 'b0973', 'b0974', 'b0975', 'b0976', 'b0977']"
106,TU00298,6,"['b2260', 'b2261', 'b2262', 'b2263', 'b2264', 'b2265']"
107,TU00308,6,"['b3476', 'b3477', 'b3478', 'b3479', 'b3480', 'b3481']"
108,TU00365,6,"['b3990', 'b3991', 'b3992', 'b3993', 'b3994', 'b4407']"
109,TU524,6,"['b3766', 'b3769', 'b3770', 'b3771', 'b3772', 'b4669']"
110,TU525,6,"['b3766', 'b3769', 'b3770', 'b3771', 'b3772', 'b4669']"
111,TU-8398,5,"['b3201', 'b3202', 'b3203', 'b3204', 'b3205']"
112,TU-8412,5,"['b0652', 'b0653', 'b0654', 'b0655', 'b4763']"
113,TU0-1,5,"['b1089', 'b1090', 'b1091', 'b1092', 'b1093']"
114,TU0-1002,5,"['b1744', 'b1745', 'b1746', 'b1747', 'b1748']"
115,TU0-1003,5,"['b1744', 'b1745', 'b1746', 'b1747', 'b1748']"
116,TU0-1004,5,"['b1744', 'b1745', 'b1746', 'b1747', 'b1748']"
117,TU0-1123,5,"['b0781', 'b0782', 'b0783', 'b0784', 'b0785']"
118,TU0-1181,5,"['b3851', 'b3852', 'b3853', 'b3854', 'b3855']"
119,TU0-1189,5,"['b0201', 'b0202', 'b0203', 'b0204', 'b0205']"
120,TU0-1190,5,"['b0201', 'b0202', 'b0203', 'b0204', 'b0205']"
121,TU0-12805,5,"['b0066', 'b0067', 'b0068', 'b0069', 'b4762']"
122,TU0-12975,5,"['b0547', 'b0548', 'b0549', 'b0550', 'b4509']"
123,TU0-13009,5,"['b0633', 'b0634', 'b0635', 'b0636', 'b0637']"
124,TU0-13010,5,"['b0638', 'b0639', 'b0640', 'b0641', 'b0642']"
125,TU0-13050,5,"['b0792', 'b0793', 'b0794', 'b0795', 'b0796']"
126,TU0-13063,5,"['b0828', 'b0829', 'b0830', 'b0831', 'b0832']"
127,TU0-13135,5,"['b1096', 'b1097', 'b1098', 'b1099', 'b1100']"
128,TU0-13206,5,"['b1290', 'b1291', 'b1292', 'b1293', 'b1294']"
129,TU0-13210,5,"['b1298', 'b1299', 'b1300', 'b1301', 'b1302']"
130,TU0-13231,5,"['b1357', 'b1358', 'b1359', 'b1360', 'b1361']"
131,TU0-13594,5,"['b2332', 'b2333', 'b2334', 'b2335', 'b2336']"
132,TU0-13614,5,"['b2383', 'b2384', 'b2385', 'b2386', 'b2387']"
133,TU0-13627,5,"['b2437', 'b2438', 'b2439', 'b2440', 'b2441']"
134,TU0-13699,5,"['b2643', 'b2644', 'b2645', 'b2646', 'b4548']"
135,TU0-13745,5,"['b2822', 'b2823', 'b2824', 'b2825', 'b2826']"
136,TU0-13807,5,"['b2951', 'b2952', 'b2953', 'b2954', 'b2955']"
137,TU0-13837,5,"['b3030', 'b3031', 'b3032', 'b3033', 'b3034']"
138,TU0-13889,5,"['b3191', 'b3192', 'b3193', 'b3194', 'b3195']"
139,TU0-14018,5,"['b3691', 'b3692', 'b3692', 'b3693', 'b3695']"
140,TU0-14042,5,"['b3809', 'b3810', 'b3811', 'b3812', 'b4558']"
141,TU0-14302,5,"['b3428', 'b3429', 'b3430', 'b3431', 'b3432']"
142,TU0-14486,5,"['b3851', 'b3852', 'b3853', 'b3854', 'b3855']"
143,TU0-14538,5,"['b2260', 'b2261', 'b2262', 'b2263', 'b2264']"
144,TU0-14552,5,"['b4092', 'b4093', 'b4094', 'b4095', 'b4096']"
145,TU0-14563,5,"['b4171', 'b4172', 'b4173', 'b4174', 'b4175']"
146,TU0-14565,5,"['b4171', 'b4172', 'b4173', 'b4174', 'b4175']"
147,TU0-14638,5,"['b2091', 'b2092', 'b2093', 'b2094', 'b2095']"
148,TU0-14658,5,"['b3294', 'b3295', 'b3296', 'b3297', 'b3298']"
149,TU0-1601,5,"['b3221', 'b3222', 'b3223', 'b3224', 'b3225']"
150,TU0-3581,5,"['b2306', 'b2307', 'b2308', 'b2309', 'b2310']"
151,TU0-3644,5,"['b1440', 'b1441', 'b1442', 'b1443', 'b1444']"
152,TU0-4001,5,"['b2659', 'b2660', 'b2661', 'b2662', 'b2663']"
153,TU0-41778,5,"['b1440', 'b1441', 'b1442', 'b1443', 'b1444']"
154,TU0-42478,5,"['b0071', 'b0072', 'b0073', 'b0074', 'b0075']"
155,TU0-42535,5,"['b1440', 'b1441', 'b1442', 'b1443', 'b1444']"
156,TU0-42594,5,"['b0652', 'b0653', 'b0654', 'b0655', 'b4763']"
157,TU0-42636,5,"['b2570', 'b2571', 'b2572', 'b2573', 'b4725']"
158,TU0-42638,5,"['b2570', 'b2571', 'b2572', 'b2573', 'b4725']"
159,TU0-42640,5,"['b2570', 'b2571', 'b2572', 'b2573', 'b4725']"
160,TU0-42672,5,"['b3191', 'b3192', 'b3193', 'b3194', 'b3195']"
161,TU0-42674,5,"['b3191', 'b3192', 'b3193', 'b3194', 'b3195']"
162,TU0-4502,5,"['b4085', 'b4086', 'b4087', 'b4088', 'b4089']"
163,TU0-4504,5,"['b4085', 'b4086', 'b4087', 'b4088', 'b4089']"
164,TU0-45165,5,"['b3851', 'b3852', 'b3853', 'b3854', 'b3855']"
165,TU0-45216,5,"['b3724', 'b3725', 'b3726', 'b3727', 'b3728']"
166,TU0-45246,5,"['b1587', 'b1588', 'b1589', 'b1590', 'b1591']"
167,TU0-45269,5,"['b0201', 'b0202', 'b0203', 'b0204', 'b0205']"
168,TU0-45282,5,"['b2570', 'b2571', 'b2572', 'b2573', 'b4725']"
169,TU0-5322,5,"['b1697', 'b1698', 'b1699', 'b1700', 'b1701']"
170,TU0-5481,5,"['b1587', 'b1588', 'b1589', 'b1590', 'b1591']"
171,TU0-5981,5,"['b3449', 'b3450', 'b3451', 'b3452', 'b3453']"
172,TU0-5982,5,"['b3449', 'b3450', 'b3451', 'b3452', 'b3453']"
173,TU0-6629,5,"['b0933', 'b0934', 'b0935', 'b0936', 'b0937']"
174,TU0-6650,5,"['b2022', 'b2023', 'b2024', 'b2025', 'b2026']"
175,TU0-7202,5,"['b2538', 'b2539', 'b2540', 'b2541', 'b2542']"
176,TU0-7746,5,"['b2371', 'b2372', 'b2373', 'b2374', 'b2375']"
177,TU0-8345,5,"['b2727', 'b2728', 'b2729', 'b2730', 'b2731']"
178,TU0-8346,5,"['b3370', 'b3371', 'b3373', 'b3374', 'b3375']"
179,TU0-8454,5,"['b0710', 'b0711', 'b0712', 'b0713', 'b0714']"
180,TU0-8455,5,"['b0710', 'b0711', 'b0712', 'b0713', 'b0714']"
181,TU00101,5,"['b0428', 'b0429', 'b0430', 'b0431', 'b0432']"
182,TU00128,5,"['b2801', 'b2802', 'b2803', 'b2804', 'b2805']"
183,TU00144,5,"['b2421', 'b2422', 'b2423', 'b2424', 'b2425']"
184,TU00151,5,"['b4287', 'b4288', 'b4289', 'b4290', 'b4291']"
185,TU00154,5,"['b2726', 'b2727', 'b2728', 'b2729', 'b2730']"
186,TU00166,5,"['b0593', 'b0594', 'b0595', 'b0596', 'b0597']"
187,TU00179,5,"['b0071', 'b0072', 'b0073', 'b0074', 'b0075']"
188,TU00184,5,"['b3454', 'b3455', 'b3456', 'b3457', 'b3458']"
189,TU00202,5,"['b3724', 'b3725', 'b3726', 'b3727', 'b3728']"
190,TU00207,5,"['b2058', 'b2059', 'b2060', 'b2061', 'b2062']"
191,TU00222,5,"['b1243', 'b1244', 'b1245', 'b1246', 'b1247']"
192,TU00262,5,"['b3540', 'b3541', 'b3542', 'b3543', 'b3544']"
193,TU00291,5,"['b0025', 'b0026', 'b0027', 'b0028', 'b0029']"
194,TU00300,5,"['b0781', 'b0782', 'b0783', 'b0784', 'b0785']"
195,TU00326,5,"['b1304', 'b1305', 'b1306', 'b1307', 'b1308']"
196,TU00331,5,"['b2037', 'b2038', 'b2039', 'b2040', 'b2041']"
197,TU00349,5,"['b3294', 'b3295', 'b3296', 'b3297', 'b3298']"
198,TU00362,5,"['b0049', 'b0050', 'b0051', 'b0052', 'b0053']"
199,TU00457,5,"['b3454', 'b3455', 'b3456', 'b3457', 'b3458']"
200,TU00487,5,"['b3202', 'b3203', 'b3204', 'b3205', 'b3206']"
201,TU00504,5,"['b3976', 'b3977', 'b3978', 'b3979', 'b3980']"
202,TU00515,5,"['b2691', 'b2692', 'b2693', 'b2694', 'b2695']"
203,TU281,5,"['b2570', 'b2571', 'b2572', 'b2573', 'b4725']"
204,TU482,5,"['b3123', 'b3124', 'b3125', 'b3126', 'b3127']"
205,TU483,5,"['b2563', 'b2564', 'b2565', 'b2566', 'b2567']"
206,TU874,5,"['b3384', 'b3385', 'b3386', 'b3387', 'b3388']"
207,TU0-1022,4,"['b2673', 'b2674', 'b2675', 'b2676']"
208,TU0-1182,4,"['b3968', 'b3969', 'b3970', 'b3971']"
209,TU0-1183,4,"['b3756', 'b3757', 'b3758', 'b3759']"
210,TU0-1184,4,"['b3756', 'b3757', 'b3758', 'b3759']"
211,TU0-1186,4,"['b4007', 'b4008', 'b4009', 'b4010']"
212,TU0-1187,4,"['b2588', 'b2589', 'b2590', 'b2591']"
213,TU0-1188,4,"['b2588', 'b2589', 'b2590', 'b2591']"
214,TU0-12853,4,"['b0231', 'b0232', 'b0233', 'b0234']"
215,TU0-12876,4,"['b0283', 'b0284', 'b0285', 'b0286']"
216,TU0-12878,4,"['b0289', 'b0290', 'b0291', 'b0292']"
217,TU0-12892,4,"['b0318', 'b0319', 'b0320', 'b0321']"
218,TU0-12962,4,"['b0518', 'b0519', 'b0520', 'b0521']"
219,TU0-13087,4,"['b0913', 'b0914', 'b0915', 'b0916']"
220,TU0-13222,4,"['b1335', 'b1336', 'b1337', 'b1338']"
221,TU0-13250,4,"['b1408', 'b1409', 'b1410', 'b1411']"
222,TU0-13321,4,"['b1553', 'b1554', 'b1555', 'b1556']"
223,TU0-13331,4,"['b1575', 'b1576', 'b1578', 'b1579']"
224,TU0-13516,4,"['b2108', 'b2109', 'b2110', 'b2111']"
225,TU0-13523,4,"['b2119', 'b2120', 'b2121', 'b2122']"
226,TU0-13552,4,"['b2177', 'b2178', 'b2179', 'b2180']"
227,TU0-13563,4,"['b2225', 'b2226', 'b2229', 'b2230']"
228,TU0-13603,4,"['b2354', 'b2356', 'b2357', 'b2358']"
229,TU0-13635,4,"['b2453', 'b2454', 'b2455', 'b2456']"
230,TU0-13695,4,"['b2634', 'b2635', 'b2636', 'b2637']"
231,TU0-13792,4,"['b2906', 'b2907', 'b2908', 'b2909']"
232,TU0-13843,4,"['b3044', 'b3045', 'b3047', 'b3048']"
233,TU0-13863,4,"['b3097', 'b3098', 'b3099', 'b3100']"
234,TU0-13915,4,"['b3343', 'b3344', 'b3345', 'b3346']"
235,TU0-13927,4,"['b3392', 'b3393', 'b3394', 'b3395']"
236,TU0-14052,4,"['b3836', 'b3838', 'b3839', 'b3841']"
237,TU0-14056,4,"['b3847', 'b3848', 'b3849', 'b3850']"
238,TU0-14070,4,"['b3885', 'b3886', 'b3887', 'b3888']"
239,TU0-14075,4,"['b3897', 'b3898', 'b3899', 'b3900']"
240,TU0-14154,4,"['b4183', 'b4184', 'b4185', 'b4186']"
241,TU0-14166,4,"['b4227', 'b4228', 'b4230', 'b4231']"
242,TU0-14287,4,"['b4026', 'b4027', 'b4028', 'b4029']"
243,TU0-14291,4,"['b3198', 'b3199', 'b3200', 'b3201']"
244,TU0-14300,4,"['b0135', 'b0136', 'b0137', 'b0138']"
245,TU0-14394,4,"['b0026', 'b0027', 'b0028', 'b0029']"
246,TU0-14395,4,"['b0026', 'b0027', 'b0028', 'b0029']"
247,TU0-14415,4,"['b2306', 'b2307', 'b2308', 'b2309']"
248,TU0-14429,4,"['b1037', 'b1038', 'b1039', 'b1040']"
249,TU0-14459,4,"['b0854', 'b0855', 'b0856', 'b0857']"
250,TU0-14465,4,"['b0026', 'b0027', 'b0028', 'b0029']"
251,TU0-14466,4,"['b0415', 'b0416', 'b0417', 'b0418']"
252,TU0-14471,4,"['b0657', 'b0658', 'b0659', 'b0660']"
253,TU0-14472,4,"['b1279', 'b1280', 'b1281', 'b1282']"
254,TU0-14487,4,"['b4007', 'b4008', 'b4009', 'b4010']"
255,TU0-14535,4,"['b0245', 'b0246', 'b0247', 'b4504']"
256,TU0-14547,4,"['b4085', 'b4086', 'b4087', 'b4088']"
257,TU0-14548,4,"['b4172', 'b4173', 'b4174', 'b4175']"
258,TU0-14550,4,"['b1305', 'b1306', 'b1307', 'b1308']"
259,TU0-14553,4,"['b0664', 'b0665', 'b0666', 'b0668']"
260,TU0-14558,4,"['b2754', 'b2755', 'b2756', 'b2757']"
261,TU0-14559,4,"['b2128', 'b2129', 'b2130', 'b2131']"
262,TU0-14567,4,"['b4172', 'b4173', 'b4174', 'b4175']"
263,TU0-14568,4,"['b4172', 'b4173', 'b4174', 'b4175']"
264,TU0-14611,4,"['b0289', 'b0290', 'b0291', 'b0292']"
265,TU0-14661,4,"['b3343', 'b3344', 'b3345', 'b3346']"
266,TU0-14676,4,"['b0861', 'b0862', 'b0863', 'b0864']"
267,TU0-14677,4,"['b0861', 'b0862', 'b0863', 'b0864']"
268,TU0-14678,4,"['b0861', 'b0862', 'b0863', 'b0864']"
269,TU0-14691,4,"['b2245', 'b2246', 'b2247', 'b2248']"
270,TU0-14742,4,"['b3512', 'b3513', 'b3514', 'b4718']"
271,TU0-14762,4,"['b1164', 'b1165', 'b1166', 'b1167']"
272,TU0-14766,4,"['b4326', 'b4720', 'b4721', 'b4722']"
273,TU0-1821,4,"['b0572', 'b0573', 'b0574', 'b0575']"
274,TU0-1881,4,"['b2528', 'b2529', 'b2530', 'b2531']"
275,TU0-2101,4,"['b0850', 'b0851', 'b0852', 'b0853']"
276,TU0-3364,4,"['b3968', 'b3969', 'b3970', 'b3971']"
277,TU0-3602,4,"['b0331', 'b0333', 'b0334', 'b0335']"
278,TU0-36418,4,"['b3724', 'b3725', 'b3726', 'b3727']"
279,TU0-36431,4,"['b3198', 'b3199', 'b3200', 'b3201']"
280,TU0-36432,4,"['b3198', 'b3199', 'b3200', 'b3201']"
281,TU0-36435,4,"['b4026', 'b4027', 'b4028', 'b4029']"
282,TU0-4146,4,"['b0178', 'b0179', 'b0180', 'b0181']"
283,TU0-4181,4,"['b3619', 'b3620', 'b3621', 'b3622']"
284,TU0-4182,4,"['b3619', 'b3620', 'b3621', 'b3622']"
285,TU0-4183,4,"['b3619', 'b3620', 'b3621', 'b3622']"
286,TU0-42524,4,"['b1326', 'b1327', 'b4525', 'b4673']"
287,TU0-42596,4,"['b3608', 'b3609', 'b3610', 'b3611']"
288,TU0-42628,4,"['b3183', 'b3184', 'b3185', 'b3186']"
289,TU0-42642,4,"['b2570', 'b2571', 'b2572', 'b2573']"
290,TU0-45147,4,"['b1244', 'b1245', 'b1246', 'b1247']"
291,TU0-45166,4,"['b1164', 'b1165', 'b1166', 'b1167']"
292,TU0-45179,4,"['b0756', 'b0757', 'b0758', 'b0759']"
293,TU0-45198,4,"['b2588', 'b2589', 'b2590', 'b2591']"
294,TU0-45201,4,"['b1037', 'b1038', 'b1039', 'b1040']"
295,TU0-45204,4,"['b3724', 'b3725', 'b3726', 'b3727']"
296,TU0-45209,4,"['b3756', 'b3757', 'b3758', 'b3759']"
297,TU0-45217,4,"['b0231', 'b0232', 'b0233', 'b0234']"
298,TU0-45222,4,"['b0113', 'b0114', 'b0115', 'b0116']"
299,TU0-45225,4,"['b4151', 'b4152', 'b4153', 'b4154']"
300,TU0-45257,4,"['b1037', 'b1038', 'b1039', 'b1040']"
301,TU0-45262,4,"['b1279', 'b1280', 'b1281', 'b1282']"
302,TU0-45265,4,"['b0978', 'b0979', 'b0980', 'b4592']"
303,TU0-45275,4,"['b3968', 'b3969', 'b3970', 'b3971']"
304,TU0-45277,4,"['b4007', 'b4008', 'b4009', 'b4010']"
305,TU0-45278,4,"['b2570', 'b2571', 'b2572', 'b2573']"
306,TU0-4545,4,"['b0756', 'b0757', 'b0758', 'b0759']"
307,TU0-4682,4,"['b4264', 'b4265', 'b4266', 'b4267']"
308,TU0-5,4,"['b1090', 'b1091', 'b1092', 'b1093']"
309,TU0-5182,4,"['b2317', 'b2318', 'b2319', 'b2320']"
310,TU0-5201,4,"['b0049', 'b0050', 'b0051', 'b0052']"
311,TU0-5341,4,"['b2128', 'b2129', 'b2130', 'b2131']"
312,TU0-5522,4,"['b3635', 'b3636', 'b3637', 'b3638']"
313,TU0-5561,4,"['b2961', 'b2962', 'b2963', 'b2964']"
314,TU0-5562,4,"['b2961', 'b2962', 'b2963', 'b2964']"
315,TU0-5682,4,"['b3512', 'b3513', 'b3514', 'b4718']"
316,TU0-6626,4,"['b1712', 'b1713', 'b1714', 'b1715']"
317,TU0-7262,4,"['b0782', 'b0783', 'b0784', 'b0785']"
318,TU0-7281,4,"['b3280', 'b3281', 'b3282', 'b3283']"
319,TU0-8343,4,"['b2917', 'b2918', 'b2919', 'b2920']"
320,TU0-8365,4,"['b3530', 'b3531', 'b3532', 'b3533']"
321,TU0-8471,4,"['b1021', 'b1022', 'b1023', 'b1024']"
322,TU0-8502,4,"['b4178', 'b4179', 'b4180', 'b4181']"
323,TU0-8867,4,"['b4360', 'b4361', 'b4362', 'b4363']"
324,TU00017,4,"['b4381', 'b4382', 'b4383', 'b4384']"
325,TU00018,4,"['b4381', 'b4382', 'b4383', 'b4384']"
326,TU00020,4,"['b0150', 'b0151', 'b0152', 'b0153']"
327,TU00023,4,"['b4151', 'b4152', 'b4153', 'b4154']"
328,TU00025,4,"['b0756', 'b0757', 'b0758', 'b0759']"
329,TU00026,4,"['b0756', 'b0757', 'b0758', 'b0759']"
330,TU00035,4,"['b0696', 'b0697', 'b0698', 'b4513']"
331,TU00038,4,"['b4032', 'b4033', 'b4034', 'b4807']"
332,TU00043,4,"['b0675', 'b0676', 'b0677', 'b0678']"
333,TU00044,4,"['b1224', 'b1225', 'b1226', 'b1227']"
334,TU00046,4,"['b3365', 'b3366', 'b3367', 'b3368']"
335,TU00097,4,"['b0978', 'b0979', 'b0980', 'b4592']"
336,TU00103,4,"['b0726', 'b0727', 'b0728', 'b0729']"
337,TU00114,4,"['b2221', 'b2222', 'b2223', 'b2224']"
338,TU00117,4,"['b0775', 'b0776', 'b0777', 'b0778']"
339,TU00178,4,"['b0001', 'b0002', 'b0003', 'b0004']"
340,TU00240,4,"['b0861', 'b0862', 'b0863', 'b0864']"
341,TU00253,4,"['b4397', 'b4398', 'b4399', 'b4400']"
342,TU00268,4,"['b3891', 'b3892', 'b3893', 'b3894']"
343,TU00270,4,"['b0585', 'b0586', 'b0587', 'b4511']"
344,TU00283,4,"['b3802', 'b3803', 'b3804', 'b3805']"
345,TU00303,4,"['b1887', 'b1888', 'b1889', 'b1890']"
346,TU00306,4,"['b1465', 'b1466', 'b1467', 'b1468']"
347,TU00321,4,"['b1123', 'b1124', 'b1125', 'b1126']"
348,TU00322,4,"['b0854', 'b0855', 'b0856', 'b0857']"
349,TU00329,4,"['b3619', 'b3620', 'b3621', 'b3622']"
350,TU00335,4,"['b3985', 'b3986', 'b3987', 'b3988']"
351,TU00342,4,"['b2570', 'b2571', 'b2572', 'b2573']"
352,TU00344,4,"['b3649', 'b3650', 'b3651', 'b3652']"
353,TU00346,4,"['b4200', 'b4201', 'b4202', 'b4203']"
354,TU00348,4,"['b3339', 'b3340', 'b3341', 'b3342']"
355,TU00351,4,"['b2606', 'b2607', 'b2608', 'b2609']"
356,TU00367,4,"['b0736', 'b0737', 'b0738', 'b0739']"
357,TU00373,4,"['b0419', 'b0420', 'b0421', 'b0422']"
358,TU00374,4,"['b3566', 'b3567', 'b3568', 'b3569']"
359,TU00392,4,"['b1037', 'b1038', 'b1039', 'b1040']"
360,TU00423,4,"['b2524', 'b2525', 'b2526', 'b2527']"
361,TU00424,4,"['b2727', 'b2728', 'b2729', 'b2730']"
362,TU00495,4,"['b2401', 'b2402', 'b2403', 'b2404']"
363,TU00503,4,"['b3796', 'b3797', 'b3798', 'b3799']"
364,TU00512,4,"['b1909', 'b1910', 'b1911', 'b4759']"
365,TU00517,4,"['b3168', 'b3169', 'b3170', 'b3171']"
366,TU00522,4,"['b0113', 'b0114', 'b0115', 'b0116']"
367,TU142,4,"['b0041', 'b0042', 'b0043', 'b0044']"
368,TU261,4,"['b0921', 'b0922', 'b0923', 'b0924']"
369,TU302,4,"['b0365', 'b0366', 'b0367', 'b0368']"
370,TU875,4,"['b3384', 'b3385', 'b3386', 'b3387']"
371,TU876,4,"['b3384', 'b3385', 'b3386', 'b3387']"
372,TU-8392,3,"['b2891', 'b2892', 'b2893']"
373,TU-8405,3,"['b1878', 'b1879', 'b1880']"
374,TU-8422,3,"['b0554', 'b0555', 'b0556']"
375,TU-8428,3,"['b1643', 'b1644', 'b1645']"
376,TU0-1122,3,"['b0894', 'b0895', 'b0896']"
377,TU0-12806,3,"['b0070', 'b4577', 'b4662']"
378,TU0-12810,3,"['b0101', 'b0102', 'b0103']"
379,TU0-12811,3,"['b0106', 'b0107', 'b0108']"
380,TU0-1282,3,"['b0683', 'b0684', 'b4637']"
381,TU0-12822,3,"['b0157', 'b0158', 'b0159']"
382,TU0-12827,3,"['b0166', 'b0167', 'b0168']"
383,TU0-12831,3,"['b0173', 'b0174', 'b0175']"
384,TU0-12835,3,"['b0190', 'b0191', 'b0192']"
385,TU0-12854,3,"['b0232', 'b0233', 'b0234']"
386,TU0-12865,3,"['b0262', 'b0264', 'b0265']"
387,TU0-12885,3,"['b0301', 'b0303', 'b0304']"
388,TU0-12887,3,"['b0306', 'b0307', 'b0308']"
389,TU0-12902,3,"['b0355', 'b0356', 'b0357']"
390,TU0-13021,3,"['b0681', 'b0682', 'b4808']"
391,TU0-13032,3,"['b0716', 'b0717', 'b0718']"
392,TU0-13049,3,"['b0788', 'b0789', 'b0790']"
393,TU0-13075,3,"['b0869', 'b0870', 'b0871']"
394,TU0-13106,3,"['b0981', 'b0982', 'b0983']"
395,TU0-13107,3,"['b0984', 'b0985', 'b0986']"
396,TU0-13141,3,"['b1116', 'b1117', 'b1118']"
397,TU0-13148,3,"['b1140', 'b1141', 'b1142']"
398,TU0-13193,3,"['b1257', 'b1258', 'b1259']"
399,TU0-13194,3,"['b1266', 'b1267', 'b1268']"
400,TU0-13209,3,"['b1296', 'b1297', 'b4742']"
401,TU0-13211,3,"['b1300', 'b1301', 'b1302']"
402,TU0-13242,3,"['b1381', 'b1382', 'b1383']"
403,TU0-13294,3,"['b1503', 'b1504', 'b1505']"
404,TU0-13327,3,"['b1567', 'b1568', 'b1569']"
405,TU0-13329,3,"['b1571', 'b1572', 'b1573']"
406,TU0-13343,3,"['b1599', 'b1600', 'b4777']"
407,TU0-13363,3,"['b1669', 'b1670', 'b1671']"
408,TU0-13364,3,"['b1672', 'b1673', 'b1674']"
409,TU0-13368,3,"['b1685', 'b1686', 'b1687']"
410,TU0-13373,3,"['b1691', 'b1692', 'b1693']"
411,TU0-13432,3,"['b1839', 'b1840', 'b1841']"
412,TU0-13443,3,"['b1869', 'b1870', 'b1871']"
413,TU0-13453,3,"['b1917', 'b1918', 'b1919']"
414,TU0-13498,3,"['b2043', 'b2044', 'b2045']"
415,TU0-13509,3,"['b2098', 'b2099', 'b2100']"
416,TU0-13601,3,"['b2350', 'b2351', 'b2352']"
417,TU0-13605,3,"['b2361', 'b2362', 'b2363']"
418,TU0-13613,3,"['b2380', 'b2381', 'b2382']"
419,TU0-13625,3,"['b2428', 'b2429', 'b2430']"
420,TU0-13642,3,"['b2471', 'b2472', 'b4547']"
421,TU0-13663,3,"['b2546', 'b2547', 'b2548']"
422,TU0-13679,3,"['b2603', 'b2604', 'b2605']"
423,TU0-13728,3,"['b2766', 'b2767', 'b2768']"
424,TU0-13736,3,"['b2790', 'b2791', 'b2792']"
425,TU0-13744,3,"['b2819', 'b2820', 'b2821']"
426,TU0-13783,3,"['b2882', 'b2883', 'b2885']"
427,TU0-13838,3,"['b3035', 'b3037', 'b3038']"
428,TU0-13874,3,"['b3143', 'b3144', 'b3145']"
429,TU0-13901,3,"['b3240', 'b3241', 'b3242']"
430,TU0-13918,3,"['b3350', 'b3351', 'b4551']"
431,TU0-13919,3,"['b3352', 'b3353', 'b3354']"
432,TU0-13940,3,"['b3442', 'b3444', 'b3445']"
433,TU0-13952,3,"['b3485', 'b3486', 'b3487']"
434,TU0-13972,3,"['b3536', 'b3537', 'b3538']"
435,TU0-13998,3,"['b3612', 'b3613', 'b3614']"
436,TU0-14014,3,"['b3674', 'b3675', 'b3676']"
437,TU0-14028,3,"['b3718', 'b3719', 'b3720']"
438,TU0-14068,3,"['b3880', 'b3881', 'b3882']"
439,TU0-14091,3,"['b3945', 'b3946', 'b3947']"
440,TU0-14103,3,"['b3996', 'b3997', 'b3998']"
441,TU0-14112,3,"['b4027', 'b4028', 'b4029']"
442,TU0-14128,3,"['b4080', 'b4081', 'b4082']"
443,TU0-14165,3,"['b4220', 'b4221', 'b4222']"
444,TU0-14192,3,"['b4297', 'b4298', 'b4299']"
445,TU0-14199,3,"['b4328', 'b4329', 'b4330']"
446,TU0-14216,3,"['b4372', 'b4373', 'b4374']"
447,TU0-14253,3,"['b0027', 'b0028', 'b0029']"
448,TU0-14263,3,"['b3741', 'b3742', 'b3743']"
449,TU0-14269,3,"['b2782', 'b2783', 'b2784']"
450,TU0-14276,3,"['b0763', 'b0764', 'b0765']"
451,TU0-14278,3,"['b1924', 'b1925', 'b1926']"
452,TU0-14317,3,"['b2032', 'b2033', 'b2034']"
453,TU0-14319,3,"['b4348', 'b4349', 'b4350']"
454,TU0-14339,3,"['b0174', 'b0175', 'b4809']"
455,TU0-14381,3,"['b1562', 'b1563', 'b1564']"
456,TU0-14386,3,"['b3249', 'b3250', 'b3251']"
457,TU0-14387,3,"['b3249', 'b3250', 'b3251']"
458,TU0-14452,3,"['b2060', 'b2061', 'b2062']"
459,TU0-14473,3,"['b1321', 'b1322', 'b1323']"
460,TU0-14475,3,"['b4397', 'b4398', 'b4399']"
461,TU0-14489,3,"['b2892', 'b2893', 'b2894']"
462,TU0-14523,3,"['b2037', 'b2038', 'b2039']"
463,TU0-14529,3,"['b0035', 'b0036', 'b0037']"
464,TU0-14537,3,"['b4382', 'b4383', 'b4384']"
465,TU0-14693,3,"['b3726', 'b3727', 'b3728']"
466,TU0-14701,3,"['b3035', 'b3037', 'b3038']"
467,TU0-14702,3,"['b3035', 'b3037', 'b3038']"
468,TU0-14704,3,"['b3035', 'b3037', 'b3038']"
469,TU0-14792,3,"['b2866', 'b2867', 'b2868']"
470,TU0-1921,3,"['b2661', 'b2662', 'b2663']"
471,TU0-2302,3,"['b0197', 'b0198', 'b0199']"
472,TU0-3145,3,"['b2866', 'b2867', 'b2868']"
473,TU0-3305,3,"['b1716', 'b1717', 'b1718']"
474,TU0-3622,3,"['b3269', 'b3270', 'b3271']"
475,TU0-3721,3,"['b4067', 'b4068', 'b4069']"
476,TU0-3723,3,"['b4067', 'b4068', 'b4069']"
477,TU0-3963,3,"['b0588', 'b0589', 'b0590']"
478,TU0-4201,3,"['b1210', 'b1211', 'b1212']"
479,TU0-42451,3,"['b1898', 'b1900', 'b1901']"
480,TU0-42455,3,"['b3612', 'b3613', 'b3614']"
481,TU0-42519,3,"['b3836', 'b3838', 'b3839']"
482,TU0-42534,3,"['b1649', 'b1650', 'b1651']"
483,TU0-42544,3,"['b4309', 'b4310', 'b4311']"
484,TU0-42568,3,"['b0388', 'b0389', 'b0390']"
485,TU0-42583,3,"['b0757', 'b0758', 'b0759']"
486,TU0-42584,3,"['b0757', 'b0758', 'b0759']"
487,TU0-42650,3,"['b0871', 'b0872', 'b0873']"
488,TU0-42664,3,"['b1044', 'b1045', 'b1046']"
489,TU0-42686,3,"['b3880', 'b3881', 'b3882']"
490,TU0-42688,3,"['b3880', 'b3881', 'b3882']"
491,TU0-42689,3,"['b3880', 'b3881', 'b3882']"
492,TU0-42690,3,"['b3880', 'b3881', 'b3882']"
493,TU0-4287,3,"['b0052', 'b0053', 'b0054']"
494,TU0-4343,3,"['b0097', 'b0098', 'b0099']"
495,TU0-4462,3,"['b2787', 'b2788', 'b2789']"
496,TU0-45176,3,"['b0757', 'b0758', 'b0759']"
497,TU0-45182,3,"['b3212', 'b3213', 'b3214']"
498,TU0-45183,3,"['b1898', 'b1900', 'b1901']"
499,TU0-45186,3,"['b0950', 'b0951', 'b0952']"
500,TU0-45190,3,"['b0070', 'b4577', 'b4662']"
501,TU0-45199,3,"['b2892', 'b2893', 'b2894']"
502,TU0-45207,3,"['b2677', 'b2678', 'b2679']"
503,TU0-45214,3,"['b3726', 'b3727', 'b3728']"
504,TU0-45224,3,"['b1041', 'b1042', 'b1043']"
505,TU0-45232,3,"['b2415', 'b2416', 'b2417']"
506,TU0-45238,3,"['b2661', 'b2662', 'b2663']"
507,TU0-45241,3,"['b4067', 'b4068', 'b4069']"
508,TU0-45242,3,"['b3508', 'b3509', 'b3510']"
509,TU0-45256,3,"['b2148', 'b2149', 'b2150']"
510,TU0-45259,3,"['b0950', 'b0951', 'b0952']"
511,TU0-45264,3,"['b0157', 'b0158', 'b0159']"
512,TU0-45271,3,"['b0093', 'b0094', 'b0095']"
513,TU0-45273,3,"['b2925', 'b2926', 'b2927']"
514,TU0-4701,3,"['b0342', 'b0343', 'b0344']"
515,TU0-4702,3,"['b0342', 'b0343', 'b0344']"
516,TU0-4703,3,"['b0342', 'b0343', 'b0344']"
517,TU0-4802,3,"['b3721', 'b3722', 'b3723']"
518,TU0-4823,3,"['b2661', 'b2662', 'b2663']"
519,TU0-4881,3,"['b3435', 'b3437', 'b3438']"
520,TU0-5081,3,"['b1615', 'b1616', 'b1617']"
521,TU0-5183,3,"['b2317', 'b2318', 'b2319']"
522,TU0-5186,3,"['b0049', 'b0050', 'b0051']"
523,TU0-5543,3,"['b3635', 'b3636', 'b3637']"
524,TU0-5564,3,"['b2962', 'b2963', 'b2964']"
525,TU0-5568,3,"['b2961', 'b2962', 'b2963']"
526,TU0-5601,3,"['b3636', 'b3637', 'b3638']"
527,TU0-5782,3,"['b2961', 'b2962', 'b2963']"
528,TU0-5843,3,"['b2260', 'b2261', 'b2262']"
529,TU0-5881,3,"['b3833', 'b3834', 'b3835']"
530,TU0-6581,3,"['b3132', 'b3133', 'b3134']"
531,TU0-6649,3,"['b0809', 'b0810', 'b0811']"
532,TU0-6702,3,"['b0722', 'b0723', 'b0724']"
533,TU0-6885,3,"['b3360', 'b3361', 'b3362']"
534,TU0-7622,3,"['b0515', 'b0516', 'b0517']"
535,TU0-7681,3,"['b1546', 'b1547', 'b1548']"
536,TU0-7981,3,"['b1198', 'b1199', 'b1200']"
537,TU0-8082,3,"['b2925', 'b2926', 'b2927']"
538,TU0-8243,3,"['b1863', 'b1864', 'b1865']"
539,TU0-8323,3,"['b1207', 'b1208', 'b1209']"
540,TU0-8368,3,"['b1991', 'b1992', 'b1993']"
541,TU0-8864,3,"['b1636', 'b1637', 'b1638']"
542,TU0-8869,3,"['b4361', 'b4362', 'b4363']"
543,TU00001,3,"['b4014', 'b4015', 'b4016']"
544,TU00004,3,"['b3958', 'b3959', 'b3960']"
545,TU00011,3,"['b0388', 'b0389', 'b0390']"
546,TU00019,3,"['b0894', 'b0895', 'b0896']"
547,TU00027,3,"['b3868', 'b3869', 'b3870']"
548,TU00029,3,"['b3868', 'b3869', 'b3870']"
549,TU00030,3,"['b2241', 'b2242', 'b2243']"
550,TU00032,3,"['b3670', 'b3671', 'b3672']"
551,TU00036,3,"['b0342', 'b0343', 'b0344']"
552,TU00047,3,"['b2234', 'b2235', 'b2236']"
553,TU00078,3,"['b2762', 'b2763', 'b2764']"
554,TU00085,3,"['b3707', 'b3708', 'b3709']"
555,TU00098,3,"['b1898', 'b1900', 'b1901']"
556,TU00115,3,"['b0311', 'b0312', 'b0313']"
557,TU00122,3,"['b3428', 'b3429', 'b3430']"
558,TU00123,3,"['b4035', 'b4036', 'b4037']"
559,TU00142,3,"['b0339', 'b0340', 'b0341']"
560,TU00146,3,"['b2750', 'b2751', 'b2752']"
561,TU00157,3,"['b1474', 'b1475', 'b1476']"
562,TU00161,3,"['b2167', 'b2168', 'b2169']"
563,TU00165,3,"['b0588', 'b0589', 'b0590']"
564,TU00168,3,"['b2148', 'b2149', 'b2150']"
565,TU00170,3,"['b2903', 'b2904', 'b2905']"
566,TU00172,3,"['b0809', 'b0810', 'b0811']"
567,TU00173,3,"['b3925', 'b3926', 'b3927']"
568,TU00182,3,"['b3212', 'b3213', 'b3214']"
569,TU00190,3,"['b1530', 'b1531', 'b1532']"
570,TU00193,3,"['b3599', 'b3600', 'b3601']"
571,TU00196,3,"['b1817', 'b1818', 'b1819']"
572,TU00210,3,"['b0093', 'b0094', 'b0095']"
573,TU00212,3,"['b0996', 'b0997', 'b0998']"
574,TU00214,3,"['b0061', 'b0062', 'b0063']"
575,TU00219,3,"['b3902', 'b3903', 'b3904']"
576,TU00239,3,"['b3501', 'b3502', 'b3503']"
577,TU00246,3,"['b1709', 'b1710', 'b1711']"
578,TU00252,3,"['b1991', 'b1992', 'b1993']"
579,TU00259,3,"['b3700', 'b3701', 'b3702']"
580,TU00261,3,"['b4360', 'b4361', 'b4362']"
581,TU00266,3,"['b1091', 'b1092', 'b1093']"
582,TU00269,3,"['b3408', 'b3409', 'b3410']"
583,TU00272,3,"['b1070', 'b1071', 'b1072']"
584,TU00274,3,"['b1924', 'b1925', 'b1926']"
585,TU00278,3,"['b3462', 'b3463', 'b3464']"
586,TU00282,3,"['b3508', 'b3509', 'b3510']"
587,TU00299,3,"['b1174', 'b1175', 'b1176']"
588,TU00301,3,"['b0763', 'b0764', 'b0765']"
589,TU00304,3,"['b3249', 'b3250', 'b3251']"
590,TU00311,3,"['b3168', 'b3169', 'b3170']"
591,TU00314,3,"['b3257', 'b3258', 'b3259']"
592,TU00345,3,"['b0169', 'b0170', 'b4414']"
593,TU00352,3,"['b3065', 'b3066', 'b3067']"
594,TU00356,3,"['b1763', 'b1764', 'b1765']"
595,TU00359,3,"['b0120', 'b0121', 'b0122']"
596,TU00360,3,"['b0692', 'b0693', 'b4803']"
597,TU00368,3,"['b3061', 'b3062', 'b3063']"
598,TU00371,3,"['b3667', 'b3668', 'b3669']"
599,TU00390,3,"['b1041', 'b1042', 'b1043']"
600,TU00415,3,"['b1920', 'b1921', 'b1922']"
601,TU00434,3,"['b3065', 'b3066', 'b3067']"
602,TU00435,3,"['b3065', 'b3066', 'b3067']"
603,TU00444,3,"['b2311', 'b2312', 'b2313']"
604,TU00459,3,"['b2684', 'b2685', 'b2686']"
605,TU00469,3,"['b3428', 'b3429', 'b3430']"
606,TU00470,3,"['b3428', 'b3429', 'b3430']"
607,TU00471,3,"['b1920', 'b1921', 'b1922']"
608,TU00475,3,"['b2311', 'b2312', 'b2313']"
609,TU00479,3,"['b2415', 'b2416', 'b2417']"
610,TU00480,3,"['b2415', 'b2416', 'b2417']"
611,TU00481,3,"['b2415', 'b2416', 'b2417']"
612,TU00482,3,"['b2415', 'b2416', 'b2417']"
613,TU00483,3,"['b2415', 'b2416', 'b2417']"
614,TU00484,3,"['b4244', 'b4245', 'b4246']"
615,TU00485,3,"['b4244', 'b4245', 'b4246']"
616,TU00492,3,"['b0743', 'b0744', 'b0745']"
617,TU00496,3,"['b2814', 'b2815', 'b2816']"
618,TU00505,3,"['b4163', 'b4164', 'b4165']"
619,TU00511,3,"['b1229', 'b1230', 'b1231']"
620,TU00521,3,"['b4368', 'b4369', 'b4370']"
621,TU00526,3,"['b2570', 'b2571', 'b2572']"
622,TU164,3,"['b3603', 'b3604', 'b3605']"
623,TU21,3,"['b0740', 'b0741', 'b0742']"
624,TU3,3,"['b1260', 'b1261', 'b1262']"
625,TU305,3,"['b1213', 'b1214', 'b1215']"
626,TU401,3,"['b3423', 'b3424', 'b3425']"
627,TU442,3,"['b1092', 'b1093', 'b1094']"
628,TU521,3,"['b2782', 'b2783', 'b2784']"
629,TU522,3,"['b2781', 'b2782', 'b2783']"
630,TU523,3,"['b2781', 'b2782', 'b2783']"
631,TU526,3,"['b3770', 'b3771', 'b3772']"
632,TU561,3,"['b0950', 'b0951', 'b0952']"
633,TU562,3,"['b0950', 'b0951', 'b0952']"
634,TU593,3,"['b3700', 'b3701', 'b3702']"
635,TU701,3,"['b2677', 'b2678', 'b2679']"
636,TU702,3,"['b2677', 'b2678', 'b2679']"
637,TU704,3,"['b2677', 'b2678', 'b2679']"
638,TU869,3,"['b0407', 'b0408', 'b0409']"
639,TU877,3,"['b3384', 'b3385', 'b3386']"
640,TU-8383,2,"['b2419', 'b2420']"
641,TU-8384,2,"['b2494', 'b2495']"
642,TU-8385,2,"['b2511', 'b2512']"
643,TU-8387,2,"['b3025', 'b3026']"
644,TU-8393,2,"['b3055', 'b3056']"
645,TU-8394,2,"['b3025', 'b3026']"
646,TU-8419,2,"['b3712', 'b3713']"
647,TU-8427,2,"['b1465', 'b1466']"
648,TU-8433,2,"['b3322', 'b3323']"
649,TU-8434,2,"['b3656', 'b3657']"
650,TU0-1041,2,"['b3913', 'b4716']"
651,TU0-1061,2,"['b3859', 'b3860']"
652,TU0-1193,2,"['b3700', 'b3701']"
653,TU0-1194,2,"['b3700', 'b3701']"
654,TU0-1195,2,"['b3700', 'b3701']"
655,TU0-1196,2,"['b3700', 'b3701']"
656,TU0-1261,2,"['b4224', 'b4225']"
657,TU0-12794,2,"['b0018', 'b4412']"
658,TU0-12796,2,"['b0021', 'b0022']"
659,TU0-12800,2,"['b0046', 'b0047']"
660,TU0-12802,2,"['b4659', 'b4659']"
661,TU0-1281,2,"['b0683', 'b4637']"
662,TU0-12815,2,"['b0127', 'b0128']"
663,TU0-12834,2,"['b0189', 'b4406']"
664,TU0-12837,2,"['b0195', 'b0196']"
665,TU0-12840,2,"['b0209', 'b0210']"
666,TU0-12849,2,"['b0225', 'b0226']"
667,TU0-12860,2,"['b0252', 'b0253']"
668,TU0-12862,2,"['b0255', 'b0256']"
669,TU0-12864,2,"['b0260', 'b0261']"
670,TU0-12866,2,"['b0266', 'b0267']"
671,TU0-12867,2,"['b0268', 'b0269']"
672,TU0-12868,2,"['b0270', 'b0271']"
673,TU0-12870,2,"['b0274', 'b0275']"
674,TU0-12872,2,"['b0278', 'b0279']"
675,TU0-12881,2,"['b0296', 'b4506']"
676,TU0-12882,2,"['b0298', 'b0299']"
677,TU0-12884,2,"['b0301', 'b0303']"
678,TU0-12894,2,"['b0323', 'b0324']"
679,TU0-12904,2,"['b0360', 'b0361']"
680,TU0-12910,2,"['b0372', 'b0373']"
681,TU0-12917,2,"['b0397', 'b0398']"
682,TU0-12918,2,"['b0401', 'b0402']"
683,TU0-12924,2,"['b0424', 'b0425']"
684,TU0-12937,2,"['b0448', 'b0449']"
685,TU0-12943,2,"['b0460', 'b0461']"
686,TU0-12945,2,"['b0466', 'b0467']"
687,TU0-12956,2,"['b0488', 'b0489']"
688,TU0-12957,2,"['b0490', 'b0491']"
689,TU0-12959,2,"['b0495', 'b0496']"
690,TU0-12960,2,"['b0497', 'b0498']"
691,TU0-12963,2,"['b0524', 'b0525']"
692,TU0-12965,2,"['b0528', 'b0529']"
693,TU0-12967,2,"['b0531', 'b0532']"
694,TU0-12968,2,"['b0533', 'b0534']"
695,TU0-12971,2,"['b0540', 'b0541']"
696,TU0-12974,2,"['b0545', 'b0546']"
697,TU0-13000,2,"['b0619', 'b0620']"
698,TU0-13011,2,"['b0645', 'b0646']"
699,TU0-13012,2,"['b0648', 'b0649']"
700,TU0-13016,2,"['b0657', 'b0658']"
701,TU0-13017,2,"['b0659', 'b0660']"
702,TU0-13026,2,"['b0700', 'b0702']"
703,TU0-13034,2,"['b0746', 'b0747']"
704,TU0-13037,2,"['b0750', 'b0751']"
705,TU0-13040,2,"['b0760', 'b0761']"
706,TU0-13059,2,"['b0817', 'b0818']"
707,TU0-13062,2,"['b0823', 'b0824']"
708,TU0-13064,2,"['b0833', 'b0834']"
709,TU0-13069,2,"['b0844', 'b0845']"
710,TU0-13072,2,"['b0858', 'b0859']"
711,TU0-13073,2,"['b0866', 'b0867']"
712,TU0-13079,2,"['b0891', 'b0892']"
713,TU0-13088,2,"['b0917', 'b0918']"
714,TU0-13091,2,"['b0926', 'b0927']"
715,TU0-13099,2,"['b0960', 'b0961']"
716,TU0-13109,2,"['b0988', 'b4516']"
717,TU0-13110,2,"['b0991', 'b4517']"
718,TU0-13114,2,"['b1003', 'b1004']"
719,TU0-13116,2,"['b1018', 'b1019']"
720,TU0-13117,2,"['b1026', 'b1027']"
721,TU0-13120,2,"['b1034', 'b1035']"
722,TU0-13123,2,"['b1045', 'b1046']"
723,TU0-13126,2,"['b1056', 'b1057']"
724,TU0-13127,2,"['b1058', 'b1059']"
725,TU0-13142,2,"['b1119', 'b1120']"
726,TU0-13143,2,"['b1121', 'b1122']"
727,TU0-13145,2,"['b1134', 'b1135']"
728,TU0-13147,2,"['b1137', 'b1138']"
729,TU0-13152,2,"['b1156', 'b1157']"
730,TU0-13161,2,"['b1165', 'b1166']"
731,TU0-13167,2,"['b1171', 'b1172']"
732,TU0-13190,2,"['b1254', 'b1255']"
733,TU0-13196,2,"['b1270', 'b1271']"
734,TU0-13198,2,"['b4522', 'b4523']"
735,TU0-13200,2,"['b1279', 'b1280']"
736,TU0-13214,2,"['b1321', 'b1322']"
737,TU0-13215,2,"['b1326', 'b4525']"
738,TU0-13228,2,"['b1352', 'b4526']"
739,TU0-13229,2,"['b1355', 'b4527']"
740,TU0-13234,2,"['b1365', 'b1366']"
741,TU0-13236,2,"['b1372', 'b1373']"
742,TU0-13245,2,"['b1402', 'b1403']"
743,TU0-13266,2,"['b1438', 'b4532']"
744,TU0-13271,2,"['b1447', 'b1448']"
745,TU0-13283,2,"['b1471', 'b1472']"
746,TU0-13290,2,"['b1495', 'b1496']"
747,TU0-13299,2,"['b1511', 'b1512']"
748,TU0-13303,2,"['b1523', 'b1524']"
749,TU0-13315,2,"['b1544', 'b4748']"
750,TU0-13318,2,"['b1549', 'b4533']"
751,TU0-13322,2,"['b1559', 'b1560']"
752,TU0-13325,2,"['b1563', 'b1564']"
753,TU0-13333,2,"['b1580', 'b1581']"
754,TU0-13335,2,"['b1583', 'b1584']"
755,TU0-13345,2,"['b1605', 'b1606']"
756,TU0-13374,2,"['b1694', 'b1695']"
757,TU0-13407,2,"['b1796', 'b1797']"
758,TU0-13411,2,"['b1801', 'b1802']"
759,TU0-13413,2,"['b1806', 'b1807']"
760,TU0-13417,2,"['b1812', 'b1813']"
761,TU0-13422,2,"['b1823', 'b1824']"
762,TU0-13425,2,"['b1830', 'b1831']"
763,TU0-13427,2,"['b1833', 'b1834']"
764,TU0-13434,2,"['b1843', 'b1844']"
765,TU0-13442,2,"['b1867', 'b1868']"
766,TU0-13446,2,"['b1893', 'b1894']"
767,TU0-13455,2,"['b1929', 'b1930']"
768,TU0-13463,2,"['b1962', 'b1963']"
769,TU0-13467,2,"['b1968', 'b1969']"
770,TU0-13469,2,"['b1971', 'b1972']"
771,TU0-13480,2,"['b1996', 'b1997']"
772,TU0-13489,2,"['b2012', 'b2013']"
773,TU0-13493,2,"['b2017', 'b4539']"
774,TU0-13501,2,"['b2072', 'b2073']"
775,TU0-13507,2,"['b2088', 'b2089']"
776,TU0-13512,2,"['b2103', 'b2104']"
777,TU0-13514,2,"['b2106', 'b2107']"
778,TU0-13526,2,"['b2125', 'b2126']"
779,TU0-13535,2,"['b2141', 'b2142']"
780,TU0-13537,2,"['b2144', 'b2145']"
781,TU0-13538,2,"['b2146', 'b2147']"
782,TU0-13539,2,"['b2152', 'b2153']"
783,TU0-13546,2,"['b2165', 'b2166']"
784,TU0-13549,2,"['b2173', 'b2174']"
785,TU0-13558,2,"['b2187', 'b2188']"
786,TU0-13562,2,"['b2219', 'b2220']"
787,TU0-13565,2,"['b2245', 'b2246']"
788,TU0-13566,2,"['b2247', 'b2248']"
789,TU0-13582,2,"['b2293', 'b2294']"
790,TU0-13589,2,"['b2303', 'b2304']"
791,TU0-13591,2,"['b2314', 'b2315']"
792,TU0-13604,2,"['b2359', 'b2360']"
793,TU0-13620,2,"['b2411', 'b4546']"
794,TU0-13626,2,"['b2433', 'b2434']"
795,TU0-13630,2,"['b2444', 'b2445']"
796,TU0-13632,2,"['b2448', 'b2449']"
797,TU0-13634,2,"['b2451', 'b2452']"
798,TU0-13644,2,"['b2474', 'b2475']"
799,TU0-13648,2,"['b2505', 'b2506']"
800,TU0-13652,2,"['b2519', 'b2520']"
801,TU0-13662,2,"['b2544', 'b2545']"
802,TU0-13667,2,"['b2559', 'b2560']"
803,TU0-13671,2,"['b2583', 'b2584']"
804,TU0-13675,2,"['b2593', 'b2594']"
805,TU0-13677,2,"['b2597', 'b4805']"
806,TU0-13685,2,"['b2618', 'b2619']"
807,TU0-13692,2,"['b2627', 'b2628']"
808,TU0-13694,2,"['b2632', 'b2633']"
809,TU0-13710,2,"['b2667', 'b2668']"
810,TU0-13713,2,"['b2682', 'b2683']"
811,TU0-13715,2,"['b2689', 'b2690']"
812,TU0-13721,2,"['b2736', 'b2737']"
813,TU0-13722,2,"['b2738', 'b2739']"
814,TU0-13729,2,"['b2769', 'b2770']"
815,TU0-13733,2,"['b2775', 'b2776']"
816,TU0-13741,2,"['b2810', 'b2811']"
817,TU0-13746,2,"['b2829', 'b2830']"
818,TU0-13751,2,"['b2835', 'b2836']"
819,TU0-13760,2,"['b2847', 'b2848']"
820,TU0-13767,2,"['b2860', 'b2861']"
821,TU0-13781,2,"['b2878', 'b2879']"
822,TU0-13782,2,"['b2880', 'b2881']"
823,TU0-13784,2,"['b2886', 'b2887']"
824,TU0-13788,2,"['b2896', 'b2897']"
825,TU0-13794,2,"['b2911', 'b2912']"
826,TU0-13805,2,"['b2946', 'b2947']"
827,TU0-13806,2,"['b2948', 'b2949']"
828,TU0-13809,2,"['b2959', 'b2960']"
829,TU0-13811,2,"['b2968', 'b2969']"
830,TU0-13817,2,"['b2984', 'b2985']"
831,TU0-13823,2,"['b3011', 'b3012']"
832,TU0-13832,2,"['b3021', 'b3022']"
833,TU0-13844,2,"['b3050', 'b3051']"
834,TU0-13847,2,"['b3053', 'b3054']"
835,TU0-13852,2,"['b3079', 'b3080']"
836,TU0-13854,2,"['b3082', 'b3083']"
837,TU0-13868,2,"['b3106', 'b3107']"
838,TU0-13869,2,"['b3109', 'b3110']"
839,TU0-13871,2,"['b3120', 'b3121']"
840,TU0-13872,2,"['b3129', 'b3130']"
841,TU0-13877,2,"['b3156', 'b3157']"
842,TU0-13878,2,"['b3158', 'b3159']"
843,TU0-13883,2,"['b3176', 'b3177']"
844,TU0-13884,2,"['b3183', 'b3184']"
845,TU0-13890,2,"['b2', 'b3208']"
846,TU0-13892,2,"['b3215', 'b3216']"
847,TU0-13898,2,"['b3234', 'b3235']"
848,TU0-13911,2,"['b3292', 'b3293']"
849,TU0-13914,2,"['b3336', 'b3337']"
850,TU0-13925,2,"['b3382', 'b3383']"
851,TU0-13929,2,"['b3399', 'b3400']"
852,TU0-13942,2,"['b3465', 'b3466']"
853,TU0-13957,2,"['b3497', 'b3498']"
854,TU0-13964,2,"['b3513', 'b3514']"
855,TU0-13978,2,"['b3549', 'b3550']"
856,TU0-13986,2,"['b3586', 'b3587']"
857,TU0-13989,2,"['b3593', 'b3594']"
858,TU0-13992,2,"['b3597', 'b3598']"
859,TU0-13995,2,"['b3608', 'b3609']"
860,TU0-14015,2,"['b3678', 'b3679']"
861,TU0-14016,2,"['b3682', 'b3683']"
862,TU0-14029,2,"['b3740', 'b3741']"
863,TU0-14031,2,"['b3745', 'b3746']"
864,TU0-14033,2,"['b3754', 'b3755']"
865,TU0-14043,2,"['b3817', 'b3818']"
866,TU0-14049,2,"['b3825', 'b3826']"
867,TU0-14062,2,"['b3872', 'b3873']"
868,TU0-14065,2,"['b3876', 'b3877']"
869,TU0-14069,2,"['b3883', 'b3884']"
870,TU0-14092,2,"['b3949', 'b3950']"
871,TU0-14097,2,"['b3963', 'b3964']"
872,TU0-14099,2,"['b3972', 'b3973']"
873,TU0-14117,2,"['b4047', 'b4048']"
874,TU0-14122,2,"['b4056', 'b4057']"
875,TU0-14133,2,"['b4109', 'b4110']"
876,TU0-14137,2,"['b4126', 'b4127']"
877,TU0-14140,2,"['b4135', 'b4136']"
878,TU0-14145,2,"['b4410', 'b4411']"
879,TU0-14148,2,"['b4157', 'b4158']"
880,TU0-14153,2,"['b4181', 'b4182']"
881,TU0-14176,2,"['b4261', 'b4262']"
882,TU0-14179,2,"['b4272', 'b4273']"
883,TU0-14183,2,"['b4279', 'b4280']"
884,TU0-14195,2,"['b4307', 'b4566']"
885,TU0-14202,2,"['b4334', 'b4335']"
886,TU0-14203,2,"['b4336', 'b4337']"
887,TU0-14208,2,"['b4352', 'b4353']"
888,TU0-14219,2,"['b4377', 'b4378']"
889,TU0-1422,2,"['b0094', 'b0095']"
890,TU0-14225,2,"['b4389', 'b4390']"
891,TU0-14255,2,"['b1716', 'b1717']"
892,TU0-14262,2,"['b3742', 'b3743']"
893,TU0-14286,2,"['b3095', 'b3096']"
894,TU0-14290,2,"['b3196', 'b3197']"
895,TU0-14292,2,"['b3200', 'b3201']"
896,TU0-14298,2,"['b0878', 'b0879']"
897,TU0-14313,2,"['b2746', 'b2747']"
898,TU0-14315,2,"['b2035', 'b2036']"
899,TU0-14327,2,"['b2630', 'b2631']"
900,TU0-14336,2,"['b2515', 'b4761']"
901,TU0-14359,2,"['b2216', 'b2217']"
902,TU0-14366,2,"['b0735', 'b4515']"
903,TU0-14375,2,"['b3322', 'b3323']"
904,TU0-14376,2,"['b3322', 'b3323']"
905,TU0-14377,2,"['b3322', 'b3323']"
906,TU0-14378,2,"['b0339', 'b0340']"
907,TU0-14404,2,"['b2472', 'b4547']"
908,TU0-14433,2,"['b3515', 'b3516']"
909,TU0-14451,2,"['b0872', 'b0873']"
910,TU0-14455,2,"['b0438', 'b0439']"
911,TU0-14468,2,"['b1129', 'b1130']"
912,TU0-14470,2,"['b0630', 'b0631']"
913,TU0-14474,2,"['b4258', 'b4259']"
914,TU0-14479,2,"['b3400', 'b3401']"
915,TU0-14490,2,"['b0437', 'b0438']"
916,TU0-14491,2,"['b2954', 'b2955']"
917,TU0-14493,2,"['b2928', 'b2929']"
918,TU0-14494,2,"['b0144', 'b0145']"
919,TU0-14521,2,"['b0342', 'b0343']"
920,TU0-14524,2,"['b0204', 'b0205']"
921,TU0-14525,2,"['b3623', 'b3624']"
922,TU0-14527,2,"['b1763', 'b1764']"
923,TU0-14528,2,"['b3970', 'b3971']"
924,TU0-14530,2,"['b4009', 'b4010']"
925,TU0-14531,2,"['b2276', 'b2277']"
926,TU0-14532,2,"['b3249', 'b3250']"
927,TU0-14533,2,"['b3854', 'b3855']"
928,TU0-14536,2,"['b2975', 'b2976']"
929,TU0-14545,2,"['b1499', 'b1500']"
930,TU0-14546,2,"['b0389', 'b0390']"
931,TU0-14549,2,"['b1229', 'b1230']"
932,TU0-14571,2,"['b4365', 'b4366']"
933,TU0-14573,2,"['b3174', 'b3175']"
934,TU0-14574,2,"['b3174', 'b3175']"
935,TU0-14609,2,"['b0174', 'b0175']"
936,TU0-14616,2,"['b0513', 'b0514']"
937,TU0-14618,2,"['b0869', 'b0870']"
938,TU0-14629,2,"['b1636', 'b1637']"
939,TU0-14632,2,"['b1783', 'b1784']"
940,TU0-14645,2,"['b2494', 'b2495']"
941,TU0-14654,2,"['b2779', 'b2780']"
942,TU0-14656,2,"['b3156', 'b3157']"
943,TU0-14669,2,"['b3929', 'b3930']"
944,TU0-14679,2,"['b0707', 'b0708']"
945,TU0-14681,2,"['b0144', 'b0145']"
946,TU0-14687,2,"['b1649', 'b1650']"
947,TU0-14688,2,"['b0814', 'b4736']"
948,TU0-14689,2,"['b2911', 'b2912']"
949,TU0-14694,2,"['b3724', 'b3725']"
950,TU0-14697,2,"['b3513', 'b3514']"
951,TU0-14698,2,"['b3513', 'b3514']"
952,TU0-14714,2,"['b2428', 'b2429']"
953,TU0-14715,2,"['b2428', 'b2429']"
954,TU0-14736,2,"['b3512', 'b4718']"
955,TU0-14744,2,"['b3624', 'b3625']"
956,TU0-14746,2,"['b3091', 'b3092']"
957,TU0-14751,2,"['b0619', 'b0620']"
958,TU0-14761,2,"['b0605', 'b0606']"
959,TU0-14763,2,"['b3162', 'b4685']"
960,TU0-14765,2,"['b2603', 'b2604']"
961,TU0-14771,2,"['b1823', 'b1824']"
962,TU0-14785,2,"['b1891', 'b1892']"
963,TU0-14791,2,"['b3021', 'b3022']"
964,TU0-14798,2,"['b1763', 'b1764']"
965,TU0-14801,2,"['b4109', 'b4110']"
966,TU0-14816,2,"['b2925', 'b2926']"
967,TU0-14818,2,"['b2925', 'b2926']"
968,TU0-1544,2,"['b1070', 'b1071']"
969,TU0-1545,2,"['b1082', 'b1083']"
970,TU0-1781,2,"['b1203', 'b1204']"
971,TU0-1822,2,"['b0570', 'b0571']"
972,TU0-2001,2,"['b0948', 'b0949']"
973,TU0-2121,2,"['b0852', 'b0853']"
974,TU0-2405,2,"['b0345', 'b0346']"
975,TU0-2421,2,"['b4242', 'b4702']"
976,TU0-2422,2,"['b4242', 'b4702']"
977,TU0-2701,2,"['b2000', 'b4435']"
978,TU0-2741,2,"['b2435', 'b2436']"
979,TU0-3,2,"['b3911', 'b3912']"
980,TU0-3101,2,"['b2367', 'b2368']"
981,TU0-3123,2,"['b0485', 'b0486']"
982,TU0-3161,2,"['b0733', 'b0734']"
983,TU0-3162,2,"['b0733', 'b0734']"
984,TU0-3163,2,"['b0733', 'b0734']"
985,TU0-3422,2,"['b0471', 'b0472']"
986,TU0-3424,2,"['b4159', 'b4160']"
987,TU0-3426,2,"['b0377', 'b0378']"
988,TU0-3463,2,"['b1838', 'b4433']"
989,TU0-3465,2,"['b3922', 'b3923']"
990,TU0-3484,2,"['b2431', 'b2432']"
991,TU0-3621,2,"['b1783', 'b1784']"
992,TU0-36399,2,"['b2553', 'b2554']"
993,TU0-36404,2,"['b3716', 'b3717']"
994,TU0-36412,2,"['b0142', 'b0143']"
995,TU0-36413,2,"['b2290', 'b2291']"
996,TU0-36417,2,"['b3428', 'b3429']"
997,TU0-36419,2,"['b3724', 'b3725']"
998,TU0-36427,2,"['b0345', 'b0346']"
999,TU0-36433,2,"['b3200', 'b3201']"
1000,TU0-36443,2,"['b0999', 'b1000']"
1001,TU0-3741,2,"['b3939', 'b3940']"
1002,TU0-3841,2,"['b0058', 'b0059']"
1003,TU0-3862,2,"['b0019', 'b0020']"
1004,TU0-4143,2,"['b1048', 'b1049']"
1005,TU0-41760,2,"['b1377', 'b1378']"
1006,TU0-41795,2,"['b1497', 'b1498']"
1007,TU0-4205,2,"['b3095', 'b3096']"
1008,TU0-42449,2,"['b2446', 'b2447']"
1009,TU0-42452,2,"['b2501', 'b2502']"
1010,TU0-42460,2,"['b4416', 'b4705']"
1011,TU0-42495,2,"['b3189', 'b3190']"
1012,TU0-42497,2,"['b0144', 'b0145']"
1013,TU0-42499,2,"['b1611', 'b1612']"
1014,TU0-42504,2,"['b2398', 'b2399']"
1015,TU0-42509,2,"['b0726', 'b0727']"
1016,TU0-42532,2,"['b0999', 'b1000']"
1017,TU0-42533,2,"['b0999', 'b1000']"
1018,TU0-42540,2,"['b1377', 'b1378']"
1019,TU0-42545,2,"['b4128', 'b4559']"
1020,TU0-42571,2,"['b2840', 'b2841']"
1021,TU0-42573,2,"['b1279', 'b1280']"
1022,TU0-42581,2,"['b0758', 'b0759']"
1023,TU0-42582,2,"['b0758', 'b0759']"
1024,TU0-42603,2,"['b3255', 'b3256']"
1025,TU0-42605,2,"['b0433', 'b0434']"
1026,TU0-42608,2,"['b2665', 'b2666']"
1027,TU0-42662,2,"['b0883', 'b0884']"
1028,TU0-42668,2,"['b1044', 'b1045']"
1029,TU0-4404,2,"['b1296', 'b4742']"
1030,TU0-44226,2,"['b3168', 'b3169']"
1031,TU0-4441,2,"['b2710', 'b2711']"
1032,TU0-4444,2,"['b0687', 'b0688']"
1033,TU0-4482,2,"['b0731', 'b0732']"
1034,TU0-45144,2,"['b1838', 'b4433']"
1035,TU0-45145,2,"['b1438', 'b4532']"
1036,TU0-45160,2,"['b3162', 'b4685']"
1037,TU0-45168,2,"['b3740', 'b3741']"
1038,TU0-45169,2,"['b1276', 'b4741']"
1039,TU0-45173,2,"['b2911', 'b2912']"
1040,TU0-45174,2,"['b1048', 'b1049']"
1041,TU0-45177,2,"['b0758', 'b0759']"
1042,TU0-45180,2,"['b4142', 'b4143']"
1043,TU0-45187,2,"['b3700', 'b3701']"
1044,TU0-45193,2,"['b1593', 'b1594']"
1045,TU0-45195,2,"['b0999', 'b1000']"
1046,TU0-45196,2,"['b3700', 'b3701']"
1047,TU0-45202,2,"['b3905', 'b3906']"
1048,TU0-45211,2,"['b2428', 'b2429']"
1049,TU0-45219,2,"['b4326', 'b4722']"
1050,TU0-45226,2,"['b2406', 'b2407']"
1051,TU0-45228,2,"['b1056', 'b1057']"
1052,TU0-45231,2,"['b1492', 'b1493']"
1053,TU0-45237,2,"['b3724', 'b3725']"
1054,TU0-45245,2,"['b0142', 'b0143']"
1055,TU0-45248,2,"['b2212', 'b2213']"
1056,TU0-4525,2,"['b2698', 'b2699']"
1057,TU0-45254,2,"['b0114', 'b0115']"
1058,TU0-45261,2,"['b1279', 'b1280']"
1059,TU0-45267,2,"['b3700', 'b3701']"
1060,TU0-45268,2,"['b3516', 'b3517']"
1061,TU0-45272,2,"['b0630', 'b0631']"
1062,TU0-45274,2,"['b2926', 'b2927']"
1063,TU0-45281,2,"['b3911', 'b3912']"
1064,TU0-45291,2,"['b3708', 'b3709']"
1065,TU0-4562,2,"['b4122', 'b4123']"
1066,TU0-4604,2,"['b1858', 'b1859']"
1067,TU0-4783,2,"['b4237', 'b4238']"
1068,TU0-4901,2,"['b3512', 'b4718']"
1069,TU0-4904,2,"['b1779', 'b1780']"
1070,TU0-4981,2,"['b3413', 'b3414']"
1071,TU0-5003,2,"['b4142', 'b4143']"
1072,TU0-5021,2,"['b3091', 'b3092']"
1073,TU0-5121,2,"['b3339', 'b3340']"
1074,TU0-5202,2,"['b0049', 'b0050']"
1075,TU0-5221,2,"['b0051', 'b0052']"
1076,TU0-5321,2,"['b2341', 'b2342']"
1077,TU0-5567,2,"['b2961', 'b2962']"
1078,TU0-5581,2,"['b2962', 'b2963']"
1079,TU0-5661,2,"['b4345', 'b4346']"
1080,TU0-5781,2,"['b2961', 'b2962']"
1081,TU0-6021,2,"['b4138', 'b4139']"
1082,TU0-6281,2,"['b3966', 'b3967']"
1083,TU0-6301,2,"['b0799', 'b0800']"
1084,TU0-6407,2,"['b1281', 'b1282']"
1085,TU0-6428,2,"['b2779', 'b2780']"
1086,TU0-6514,2,"['b4388', 'b4389']"
1087,TU0-6557,2,"['b2779', 'b2780']"
1088,TU0-6623,2,"['b0493', 'b0494']"
1089,TU0-6630,2,"['b4386', 'b4387']"
1090,TU0-6634,2,"['b0114', 'b0115']"
1091,TU0-6646,2,"['b4383', 'b4384']"
1092,TU0-6653,2,"['b2598', 'b2599']"
1093,TU0-6660,2,"['b3164', 'b3165']"
1094,TU0-6661,2,"['b1860', 'b1861']"
1095,TU0-6686,2,"['b1913', 'b1914']"
1096,TU0-6843,2,"['b4310', 'b4311']"
1097,TU0-6861,2,"['b0077', 'b0078']"
1098,TU0-6881,2,"['b0077', 'b0078']"
1099,TU0-6882,2,"['b0077', 'b0078']"
1100,TU0-6921,2,"['b2464', 'b2465']"
1101,TU0-6941,2,"['b3782', 'b3783']"
1102,TU0-6942,2,"['b2568', 'b2569']"
1103,TU0-7002,2,"['b3987', 'b3988']"
1104,TU0-7021,2,"['b0872', 'b0873']"
1105,TU0-7141,2,"['b1480', 'b1481']"
1106,TU0-7541,2,"['b2369', 'b2370']"
1107,TU0-7561,2,"['b2369', 'b2370']"
1108,TU0-7722,2,"['b1896', 'b1897']"
1109,TU0-7784,2,"['b1608', 'b1609']"
1110,TU0-7901,2,"['b2148', 'b2149']"
1111,TU0-8081,2,"['b2925', 'b2926']"
1112,TU0-8143,2,"['b2464', 'b2465']"
1113,TU0-8241,2,"['b1863', 'b1864']"
1114,TU0-8301,2,"['b2296', 'b2297']"
1115,TU0-8321,2,"['b3640', 'b3641']"
1116,TU0-8347,2,"['b4124', 'b4125']"
1117,TU0-8354,2,"['b3531', 'b3532']"
1118,TU0-8361,2,"['b0142', 'b0143']"
1119,TU0-8362,2,"['b0142', 'b0143']"
1120,TU0-8367,2,"['b1234', 'b1235']"
1121,TU0-8475,2,"['b1284', 'b4596']"
1122,TU0-8478,2,"['b1489', 'b1490']"
1123,TU0-8625,2,"['b4326', 'b4722']"
1124,TU0-8855,2,"['b1715', 'b1716']"
1125,TU0-8865,2,"['b1636', 'b1637']"
1126,TU0-8868,2,"['b4361', 'b4362']"
1127,TU0-965,2,"['b3929', 'b3930']"
1128,TU00008,2,"['b2600', 'b2601']"
1129,TU00021,2,"['b3260', 'b3261']"
1130,TU00028,2,"['b3868', 'b3869']"
1131,TU00037,2,"['b4043', 'b4044']"
1132,TU00039,2,"['b3416', 'b3417']"
1133,TU00052,2,"['b0383', 'b0384']"
1134,TU00053,2,"['b0399', 'b0400']"
1135,TU00054,2,"['b1131', 'b1132']"
1136,TU00056,2,"['b4005', 'b4006']"
1137,TU00058,2,"['b2499', 'b2500']"
1138,TU00063,2,"['b3905', 'b3906']"
1139,TU00072,2,"['b2212', 'b2213']"
1140,TU00074,2,"['b0605', 'b0606']"
1141,TU00081,2,"['b0077', 'b0078']"
1142,TU00082,2,"['b0522', 'b0523']"
1143,TU00096,2,"['b3506', 'b3507']"
1144,TU00100,2,"['b0733', 'b0734']"
1145,TU00109,2,"['b0032', 'b0033']"
1146,TU00110,2,"['b0032', 'b0033']"
1147,TU00127,2,"['b3076', 'b3077']"
1148,TU00131,2,"['b4119', 'b4120']"
1149,TU00132,2,"['b1621', 'b1622']"
1150,TU00135,2,"['b2799', 'b2800']"
1151,TU00136,2,"['b1891', 'b1892']"
1152,TU00148,2,"['b2365', 'b2366']"
1153,TU00156,2,"['b1221', 'b1222']"
1154,TU00163,2,"['b0583', 'b0584']"
1155,TU00177,2,"['b3404', 'b3405']"
1156,TU00180,2,"['b1183', 'b1184']"
1157,TU00197,2,"['b0336', 'b0337']"
1158,TU00200,2,"['b0019', 'b0020']"
1159,TU00204,2,"['b2937', 'b2938']"
1160,TU00205,2,"['b2507', 'b2508']"
1161,TU00213,2,"['b4239', 'b4240']"
1162,TU00215,2,"['b3845', 'b3846']"
1163,TU00216,2,"['b2239', 'b2240']"
1164,TU00225,2,"['b3616', 'b3617']"
1165,TU00227,2,"['b1850', 'b1851']"
1166,TU00228,2,"['b3435', 'b3437']"
1167,TU00231,2,"['b3255', 'b3256']"
1168,TU00233,2,"['b0462', 'b0463']"
1169,TU00234,2,"['b3265', 'b3266']"
1170,TU00237,2,"['b0110', 'b0111']"
1171,TU00238,2,"['b1767', 'b1768']"
1172,TU00241,2,"['b2715', 'b2716']"
1173,TU00244,2,"['b2078', 'b2079']"
1174,TU00245,2,"['b4112', 'b4113']"
1175,TU00249,2,"['b1217', 'b1218']"
1176,TU00250,2,"['b4224', 'b4225']"
1177,TU00251,2,"['b0437', 'b0438']"
1178,TU00254,2,"['b0886', 'b0887']"
1179,TU00255,2,"['b1189', 'b1190']"
1180,TU00256,2,"['b2477', 'b2478']"
1181,TU00257,2,"['b1960', 'b1961']"
1182,TU00258,2,"['b3287', 'b3288']"
1183,TU00260,2,"['b0014', 'b0015']"
1184,TU00263,2,"['b0139', 'b0140']"
1185,TU00264,2,"['b0565', 'b0566']"
1186,TU00265,2,"['b3005', 'b3006']"
1187,TU00277,2,"['b3178', 'b3179']"
1188,TU00280,2,"['b3729', 'b3730']"
1189,TU00281,2,"['b3559', 'b3560']"
1190,TU00284,2,"['b1507', 'b1508']"
1191,TU00286,2,"['b4348', 'b4349']"
1192,TU00287,2,"['b3931', 'b3932']"
1193,TU00292,2,"['b0694', 'b0695']"
1194,TU00293,2,"['b3633', 'b3634']"
1195,TU00295,2,"['b2827', 'b2828']"
1196,TU00297,2,"['b1048', 'b1049']"
1197,TU00302,2,"['b0826', 'b0827']"
1198,TU00307,2,"['b0568', 'b0569']"
1199,TU00309,2,"['b2741', 'b2742']"
1200,TU00312,2,"['b1896', 'b1897']"
1201,TU00313,2,"['b0133', 'b0134']"
1202,TU00315,2,"['b0142', 'b0143']"
1203,TU00316,2,"['b3951', 'b3952']"
1204,TU00319,2,"['b1129', 'b1130']"
1205,TU00320,2,"['b1602', 'b1603']"
1206,TU00323,2,"['b2501', 'b2502']"
1207,TU00324,2,"['b2890', 'b2891']"
1208,TU00325,2,"['b0242', 'b0243']"
1209,TU00332,2,"['b2566', 'b2567']"
1210,TU00333,2,"['b1652', 'b1653']"
1211,TU00334,2,"['b3642', 'b3643']"
1212,TU00336,2,"['b3230', 'b3231']"
1213,TU00338,2,"['b3185', 'b3186']"
1214,TU00339,2,"['b3636', 'b3637']"
1215,TU00340,2,"['b3703', 'b3704']"
1216,TU00353,2,"['b1860', 'b1861']"
1217,TU00354,2,"['b3981', 'b3982']"
1218,TU00355,2,"['b3590', 'b3591']"
1219,TU00357,2,"['b0907', 'b0908']"
1220,TU00358,2,"['b0145', 'b0146']"
1221,TU00361,2,"['b3228', 'b3229']"
1222,TU00363,2,"['b2743', 'b2744']"
1223,TU00364,2,"['b1429', 'b1430']"
1224,TU00366,2,"['b1718', 'b1719']"
1225,TU00369,2,"['b4039', 'b4040']"
1226,TU00370,2,"['b2065', 'b2066']"
1227,TU00377,2,"['b0903', 'b0904']"
1228,TU00378,2,"['b0903', 'b0904']"
1229,TU00379,2,"['b0903', 'b0904']"
1230,TU00387,2,"['b0999', 'b1000']"
1231,TU00403,2,"['b0139', 'b0140']"
1232,TU00404,2,"['b0139', 'b0140']"
1233,TU00407,2,"['b3686', 'b3687']"
1234,TU00414,2,"['b3178', 'b3179']"
1235,TU00417,2,"['b0014', 'b0015']"
1236,TU00418,2,"['b0014', 'b0015']"
1237,TU00419,2,"['b0437', 'b0438']"
1238,TU00439,2,"['b2497', 'b2498']"
1239,TU00440,2,"['b2741', 'b2742']"
1240,TU00443,2,"['b2926', 'b2927']"
1241,TU00451,2,"['b1874', 'b1875']"
1242,TU00454,2,"['b2796', 'b2797']"
1243,TU00460,2,"['b4292', 'b4293']"
1244,TU00467,2,"['b4131', 'b4132']"
1245,TU00468,2,"['b4122', 'b4123']"
1246,TU00488,2,"['b3729', 'b3730']"
1247,TU00493,2,"['b1665', 'b1666']"
1248,TU00514,2,"['b2396', 'b2397']"
1249,TU101,2,"['b4322', 'b4323']"
1250,TU161,2,"['b3404', 'b3405']"
1251,TU162,2,"['b3404', 'b3405']"
1252,TU163,2,"['b3404', 'b3405']"
1253,TU262,2,"['b3856', 'b3857']"
1254,TU263,2,"['b3856', 'b3857']"
1255,TU301,2,"['b2406', 'b2407']"
1256,TU358,2,"['b0733', 'b0734']"
1257,TU361,2,"['b0910', 'b0911']"
1258,TU362,2,"['b0707', 'b0708']"
1259,TU369,2,"['b1492', 'b1493']"
1260,TU402,2,"['b3423', 'b3424']"
1261,TU424,2,"['b2712', 'b2713']"
1262,TU441,2,"['b1094', 'b1095']"
1263,TU443,2,"['b1093', 'b1094']"
1264,TU461,2,"['b1189', 'b1190']"
1265,TU462,2,"['b1189', 'b1190']"
1266,TU484,2,"['b2563', 'b2564']"
1267,TU564,2,"['b0911', 'b0912']"
1268,TU565,2,"['b0911', 'b0912']"
1269,TU586,2,"['b3516', 'b3517']"
1270,TU587,2,"['b0450', 'b0451']"
1271,TU601,2,"['b1088', 'b1089']"
1272,TU602,2,"['b1088', 'b1089']"
1273,TU61,2,"['b3420', 'b3421']"
1274,TU66,2,"['b1129', 'b1130']"
1275,TU67,2,"['b3564', 'b3565']"
1276,TU682,2,"['b3703', 'b3704']"
1277,TU684,2,"['b1872', 'b1873']"
1278,TU7,2,"['b1399', 'b1400']"
1279,TU743,2,"['b3703', 'b3704']"
1280,TU783,2,"['b4003', 'b4004']"
1281,TU790,2,"['b1593', 'b1594']"
1282,TU795,2,"['b1276', 'b4741']"
1283,TU863,2,"['b1248', 'b1249']"
1284,TU870,2,"['b0406', 'b0407']"
